CREATE TABLE EMPLOYEES(
EMPLOYEE_ID VARCHAR(30),
EMPLOYEE_FNAME VARCHAR2(30),
EMPLOYEE_LNAME VARCHAR2(30),
EMPLOYEE_SALARY NUMBER (10),
EMPLOYEE_JOB VARCHAR2(30),
EMPLOYEE_AGE NUMBER(2),
EMPLOYEE_SEX VARCHAR2(6),
EMPLOYEE_PNUMBER varchar2(30),
MANAGER_ID VARCHAR(30),
CONSTRAINT EMPLOYEE_ID_PK PRIMARY KEY(EMPLOYEE_ID),
CONSTRAINT EMPLOYEE_FNAME_NN CHECK(EMPLOYEE_FNAME IS NOT NULL),
CONSTRAINT EMPLOYEE_LNAME_NN CHECK(EMPLOYEE_LNAME IS NOT NULL),
CONSTRAINT EMPLOYEE_SALARY_CK CHECK(EMPLOYEE_SALARY > 900),
CONSTRAINT EMPLOYEE_JOB_NN CHECK(EMPLOYEE_JOB IS NOT NULL),
CONSTRAINT EMPLOYEE_AGE_CK CHECK(EMPLOYEE_AGE > 18),
CONSTRAINT EMPLOYEE_SEX_NN CHECK(EMPLOYEE_SEX IS NOT NULL),
CONSTRAINT EMPLOYEE_PNUMBER_UK UNIQUE(EMPLOYEE_PNUMBER));

CREATE TABLE CUSTOMER(
CUSTOMER_ID VARCHAR(30),
CUSTOMER_FNAME VARCHAR2(30),
CUSTOMER_LNAME VARCHAR2(30),
CUSTOMER_PNUMBER varchar(30),
CONSTRAINT CUSTOMER_ID_PK PRIMARY KEY(CUSTOMER_ID),
CONSTRAINT CUSTOMER_FNAME_NN CHECK(CUSTOMER_FNAME IS NOT NULL),
CONSTRAINT CUSTOMER_LNAME_NN CHECK(CUSTOMER_LNAME IS NOT NULL),
CONSTRAINT CUSTOMER_PNUMBER_UK UNIQUE(CUSTOMER_PNUMBER));

CREATE TABLE ACCUSERS(
USER_UID VARCHAR(30),
USER_PASSWORD VARCHAR(30),
EMPLOYEE_ID VARCHAR(30),
CONSTRAINT USER_UID_PK PRIMARY KEY(USER_UID),
CONSTRAINT USER_PASSWORD_NN CHECK(USER_PASSWORD IS NOT NULL),
CONSTRAINT EMPLOYEE_ID_FK FOREIGN KEY(EMPLOYEE_ID) REFERENCES EMPLOYEES(EMPLOYEE_ID));


CREATE TABLE DISH_FOODS(
FOOD_ID VARCHAR(30),
FOOD_NAME VARCHAR2(40),
FOOD_PRICE NUMBER(10),
CONSTRAINT ORDER_ID_PK PRIMARY KEY(FOOD_ID),
CONSTRAINT FOOD_NAME_NN CHECK(FOOD_NAME IS NOT NULL),
CONSTRAINT FOOD_PRICE_CK CHECK(FOOD_PRICE >= 1));

CREATE TABLE DISH_DRINKS(
DRINK_ID VARCHAR(30),
DRINK_NAME VARCHAR2(30),
DRINK_PRICE NUMBER(10),
CONSTRAINT D_ORDER_ID_PK PRIMARY KEY(DRINK_ID),
CONSTRAINT DRINK_NAME_NN CHECK(DRINK_NAME IS NOT NULL),
CONSTRAINT DRINK_PRICE_CK CHECK(DRINK_PRICE >= 1));

CREATE TABLE ORDERS(
ORDER_ID VARCHAR(30),
CUSTOMER_ID VARCHAR(30),
ORDER_DATE DATE DEFAULT SYSDATE,
ORDER_QUANTITY NUMBER(2),
ORDER_PAYMENT_TYPE VARCHAR2(30),
FOOD_ID VARCHAR(30),
DRINK_ID VARCHAR(30),
CONSTRAINT ORDER_CUSTOMER_ID_PK PRIMARY KEY(ORDER_ID,CUSTOMER_ID),
CONSTRAINT ORDER_QUANTITY_CK CHECK (ORDER_QUANTITY >= 1),
CONSTRAINT ORDER_PAYMENT_TYPE_UK UNIQUE(ORDER_ID,ORDER_PAYMENT_TYPE),
CONSTRAINT ORDER_PAYMENT_TYPE_CK CHECK (ORDER_PAYMENT_TYPE IN ('ONLINE', 'CASH')),
CONSTRAINT CUSTOMER_ID_FK FOREIGN KEY(CUSTOMER_ID) REFERENCES CUSTOMER(CUSTOMER_ID),
CONSTRAINT DISH_ID_FK FOREIGN KEY(FOOD_ID) REFERENCES DISH_FOODS(FOOD_ID),
CONSTRAINT DRINK_ID_FK FOREIGN KEY(DRINK_ID) REFERENCES DISH_DRINKS(DRINK_ID));


CREATE TABLE WAITRESS(
EMPLOYEE_ID VARCHAR(30),
ORDER_ID VARCHAR(30),
WAITRESS_FNAME VARCHAR2(30),
WAITRESS_LNAME VARCHAR2(30),
CONSTRAINT EMPLOYEE_ORDER_ID_PK PRIMARY KEY(EMPLOYEE_ID,ORDER_ID),
CONSTRAINT WAITRESS_FNAME_NN CHECK(WAITRESS_FNAME IS NOT NULL),
CONSTRAINT WAITRESS_LNAME_NN CHECK(WAITRESS_LNAME IS NOT NULL));


CREATE TABLE ONLINEPAYMENT(
O_PAYMENT_ID VARCHAR(30),
OP_GATEWAY VARCHAR2(30),
ORDER_PAYMENT_TYPE VARCHAR2(30),
ORDER_ID VARCHAR(30),
CONSTRAINT O_PAYMENT_ID_PK PRIMARY KEY(O_PAYMENT_ID),
CONSTRAINT OP_GATEWAY_NN CHECK (OP_GATEWAY IS NOT NULL),
CONSTRAINT O_ORDER_PAYMENT_TYPE_CK CHECK (ORDER_PAYMENT_TYPE = 'ONLINE'),
CONSTRAINT O_ID_TYPE_FK FOREIGN KEY(ORDER_PAYMENT_TYPE,ORDER_ID) REFERENCES ORDERS(ORDER_PAYMENT_TYPE,ORDER_ID));

CREATE TABLE CASHPAYMENT(
C_PAYMENT_ID VARCHAR(30),
ORDER_PAYMENT_TYPE VARCHAR2(30),
ORDER_ID VARCHAR(30),
CONSTRAINT C_PAYMENT_ID_PK PRIMARY KEY(C_PAYMENT_ID),
CONSTRAINT C_ORDER_PAYMENT_TYPE_CK CHECK (ORDER_PAYMENT_TYPE = 'CASH'),
CONSTRAINT C_ID_TYPE_FK FOREIGN KEY(ORDER_PAYMENT_TYPE,ORDER_ID) REFERENCES ORDERS(ORDER_PAYMENT_TYPE,ORDER_ID));

/*DROP TABLE*/
DROP TABLE EMPLOYEES;
DROP TABLE CUSTOMER;
DROP TABLE WAITRESS;
DROP TABLE ORDERS;
DROP TABLE ONLINEPAYMENT;
DROP TABLE CASHPAYMENT;
DROP TABLE DISH_FOODS;
DROP TABLE DISH_DRINKS;

/*INSERT DATA*/

/* EMPLOYEE*/
INSERT INTO EMPLOYEES(EMPLOYEE_ID,EMPLOYEE_FNAME,EMPLOYEE_LNAME,EMPLOYEE_SALARY,EMPLOYEE_JOB,EMPLOYEE_AGE,EMPLOYEE_SEX,EMPLOYEE_PNUMBER,MANAGER_ID) VALUES('E2093','MUHAMMAD','ADEEM',2500,'CHEF',32,'MALE','0198326472','E0108');
INSERT INTO EMPLOYEES(EMPLOYEE_ID,EMPLOYEE_FNAME,EMPLOYEE_LNAME,EMPLOYEE_SALARY,EMPLOYEE_JOB,EMPLOYEE_AGE,EMPLOYEE_SEX,EMPLOYEE_PNUMBER,MANAGER_ID) VALUES('E0105','WAN','ISYAH',1600,'WAITRESS',31,'FEMALE','0136226445','E4206');
INSERT INTO EMPLOYEES(EMPLOYEE_ID,EMPLOYEE_FNAME,EMPLOYEE_LNAME,EMPLOYEE_SALARY,EMPLOYEE_JOB,EMPLOYEE_AGE,EMPLOYEE_SEX,EMPLOYEE_PNUMBER,MANAGER_ID) VALUES('E0101','FARHAN','JAAFAR',1600,'WAITER',22,'MALE','0174874653','E4206');
INSERT INTO EMPLOYEES(EMPLOYEE_ID,EMPLOYEE_FNAME,EMPLOYEE_LNAME,EMPLOYEE_SALARY,EMPLOYEE_JOB,EMPLOYEE_AGE,EMPLOYEE_SEX,EMPLOYEE_PNUMBER,MANAGER_ID) VALUES('E2092','AHMAD','AQEEL',1850,'COOK HELPER',25,'MALE','0112900875','E2093');
INSERT INTO EMPLOYEES(EMPLOYEE_ID,EMPLOYEE_FNAME,EMPLOYEE_LNAME,EMPLOYEE_SALARY,EMPLOYEE_JOB,EMPLOYEE_AGE,EMPLOYEE_SEX,EMPLOYEE_PNUMBER,MANAGER_ID) VALUES('E0102','SITI','AISHAH',1850,'COOK HELPER',24,'FEMALE','0122849654','E2093');
INSERT INTO EMPLOYEES(EMPLOYEE_ID,EMPLOYEE_FNAME,EMPLOYEE_LNAME,EMPLOYEE_SALARY,EMPLOYEE_JOB,EMPLOYEE_AGE,EMPLOYEE_SEX,EMPLOYEE_PNUMBER,MANAGER_ID) VALUES('E2091','SHUKRI','YAHYA',5000,'ACCOUNTANT 1',24,'MALE','0136641321','E3052');
INSERT INTO EMPLOYEES(EMPLOYEE_ID,EMPLOYEE_FNAME,EMPLOYEE_LNAME,EMPLOYEE_SALARY,EMPLOYEE_JOB,EMPLOYEE_AGE,EMPLOYEE_SEX,EMPLOYEE_PNUMBER,MANAGER_ID) VALUES('E0103','MIA','ADRIANA',2032,'ASSITANT ACCT',35,'FEMALE','0136841324','E3051');
INSERT INTO EMPLOYEES(EMPLOYEE_ID,EMPLOYEE_FNAME,EMPLOYEE_LNAME,EMPLOYEE_SALARY,EMPLOYEE_JOB,EMPLOYEE_AGE,EMPLOYEE_SEX,EMPLOYEE_PNUMBER,MANAGER_ID) VALUES('E2090','ALEESA','ARYANNA',1600,'WAITRESS',23,'FEMALE','0182987604','E3051');
INSERT INTO EMPLOYEES(EMPLOYEE_ID,EMPLOYEE_FNAME,EMPLOYEE_LNAME,EMPLOYEE_SALARY,EMPLOYEE_JOB,EMPLOYEE_AGE,EMPLOYEE_SEX,EMPLOYEE_PNUMBER,MANAGER_ID) VALUES('E0104','ABDUL','SAMAD',1600,'WAITER',23,'MALE','0136780560','E3051');
INSERT INTO EMPLOYEES(EMPLOYEE_ID,EMPLOYEE_FNAME,EMPLOYEE_LNAME,EMPLOYEE_SALARY,EMPLOYEE_JOB,EMPLOYEE_AGE,EMPLOYEE_SEX,EMPLOYEE_PNUMBER,MANAGER_ID) VALUES('E2095','ABDUL','MUTALIB',1600,'WAITER',23,'MALE','0123459870','E3060');
INSERT INTO EMPLOYEES(EMPLOYEE_ID,EMPLOYEE_FNAME,EMPLOYEE_LNAME,EMPLOYEE_SALARY,EMPLOYEE_JOB,EMPLOYEE_AGE,EMPLOYEE_SEX,EMPLOYEE_PNUMBER,MANAGER_ID) VALUES('E0106','NUR ','ERDINA',1600,'WAITRESS',23,'FEMALE','0165585752','E3060');
INSERT INTO EMPLOYEES(EMPLOYEE_ID,EMPLOYEE_FNAME,EMPLOYEE_LNAME,EMPLOYEE_SALARY,EMPLOYEE_JOB,EMPLOYEE_AGE,EMPLOYEE_SEX,EMPLOYEE_PNUMBER,MANAGER_ID) VALUES('E2094','NURUL','AIN',1600,'WAITRESS',25,'FEMALE','0115430690','E3060');
INSERT INTO EMPLOYEES(EMPLOYEE_ID,EMPLOYEE_FNAME,EMPLOYEE_LNAME,EMPLOYEE_SALARY,EMPLOYEE_JOB,EMPLOYEE_AGE,EMPLOYEE_SEX,EMPLOYEE_PNUMBER,MANAGER_ID) VALUES('E0108','AHMAD','SALLEH',9000,'GENERAL MANAGER',40,'MALE','0152616640',NULL);
INSERT INTO EMPLOYEES(EMPLOYEE_ID,EMPLOYEE_FNAME,EMPLOYEE_LNAME,EMPLOYEE_SALARY,EMPLOYEE_JOB,EMPLOYEE_AGE,EMPLOYEE_SEX,EMPLOYEE_PNUMBER,MANAGER_ID) VALUES('E2096','SITI','DAMIA',7000,'HR MANAGER',22,'FEMALE','0140029194','E0108');
INSERT INTO EMPLOYEES(EMPLOYEE_ID,EMPLOYEE_FNAME,EMPLOYEE_LNAME,EMPLOYEE_SALARY,EMPLOYEE_JOB,EMPLOYEE_AGE,EMPLOYEE_SEX,EMPLOYEE_PNUMBER,MANAGER_ID) VALUES('E0107','SUFI','SUHAIL',1600,'WAITER',22,'MALE','0117541971','E3051');
INSERT INTO EMPLOYEES(EMPLOYEE_ID,EMPLOYEE_FNAME,EMPLOYEE_LNAME,EMPLOYEE_SALARY,EMPLOYEE_JOB,EMPLOYEE_AGE,EMPLOYEE_SEX,EMPLOYEE_PNUMBER,MANAGER_ID) VALUES('E2099','NADIA','JAMAL',1600,'WAITRESS',32,'FEMALE','0182867235','E3060');
INSERT INTO EMPLOYEES(EMPLOYEE_ID,EMPLOYEE_FNAME,EMPLOYEE_LNAME,EMPLOYEE_SALARY,EMPLOYEE_JOB,EMPLOYEE_AGE,EMPLOYEE_SEX,EMPLOYEE_PNUMBER,MANAGER_ID) VALUES('E0109','WAHEEDAH','LATIFF',1850,'COOK HELPER',33,'FEMALE','0123113621','E2097');
INSERT INTO EMPLOYEES(EMPLOYEE_ID,EMPLOYEE_FNAME,EMPLOYEE_LNAME,EMPLOYEE_SALARY,EMPLOYEE_JOB,EMPLOYEE_AGE,EMPLOYEE_SEX,EMPLOYEE_PNUMBER,MANAGER_ID) VALUES('E2097','HALIMAH','HANIFAH',2500,'CHEF',31,'FEMALE','0129463750','E0108');
INSERT INTO EMPLOYEES(EMPLOYEE_ID,EMPLOYEE_FNAME,EMPLOYEE_LNAME,EMPLOYEE_SALARY,EMPLOYEE_JOB,EMPLOYEE_AGE,EMPLOYEE_SEX,EMPLOYEE_PNUMBER,MANAGER_ID) VALUES('E0110','AINA','ABDULL',1850,'COOK HELPER',25,'FEMALE','0172140528','E2097');
INSERT INTO EMPLOYEES(EMPLOYEE_ID,EMPLOYEE_FNAME,EMPLOYEE_LNAME,EMPLOYEE_SALARY,EMPLOYEE_JOB,EMPLOYEE_AGE,EMPLOYEE_SEX,EMPLOYEE_PNUMBER,MANAGER_ID) VALUES('E2098','SYAMSUL','YUSOFF',1500,'WAITER',35,'MALE','0145406399','E3060');
INSERT INTO EMPLOYEES(EMPLOYEE_ID,EMPLOYEE_FNAME,EMPLOYEE_LNAME,EMPLOYEE_SALARY,EMPLOYEE_JOB,EMPLOYEE_AGE,EMPLOYEE_SEX,EMPLOYEE_PNUMBER,MANAGER_ID) VALUES('E1001','KHUZAIRI','SAMAD',7000,'MARKETING MANAGER',31,'MALE','0199322236','E0108');
INSERT INTO EMPLOYEES(EMPLOYEE_ID,EMPLOYEE_FNAME,EMPLOYEE_LNAME,EMPLOYEE_SALARY,EMPLOYEE_JOB,EMPLOYEE_AGE,EMPLOYEE_SEX,EMPLOYEE_PNUMBER,MANAGER_ID) VALUES('E3054','TASHA','MANSHAHAR',1780,'HR ASSIST',26,'FEMALE','0176256506','E2096');
INSERT INTO EMPLOYEES(EMPLOYEE_ID,EMPLOYEE_FNAME,EMPLOYEE_LNAME,EMPLOYEE_SALARY,EMPLOYEE_JOB,EMPLOYEE_AGE,EMPLOYEE_SEX,EMPLOYEE_PNUMBER,MANAGER_ID) VALUES('E1010','SHERYL','SHAZWANIE',1000,'ASST WATER MAKER',26,'FEMALE','0161129977','E1006');
INSERT INTO EMPLOYEES(EMPLOYEE_ID,EMPLOYEE_FNAME,EMPLOYEE_LNAME,EMPLOYEE_SALARY,EMPLOYEE_JOB,EMPLOYEE_AGE,EMPLOYEE_SEX,EMPLOYEE_PNUMBER,MANAGER_ID) VALUES('E3055','ANISS','SOFEA',1600,'WAITRESS',19,'FEMALE','0190236253','E4206');
INSERT INTO EMPLOYEES(EMPLOYEE_ID,EMPLOYEE_FNAME,EMPLOYEE_LNAME,EMPLOYEE_SALARY,EMPLOYEE_JOB,EMPLOYEE_AGE,EMPLOYEE_SEX,EMPLOYEE_PNUMBER,MANAGER_ID) VALUES('E1009','HELMY','HALIM',1600,'WAITER',26,'MALE','0128693874','E3060');
INSERT INTO EMPLOYEES(EMPLOYEE_ID,EMPLOYEE_FNAME,EMPLOYEE_LNAME,EMPLOYEE_SALARY,EMPLOYEE_JOB,EMPLOYEE_AGE,EMPLOYEE_SEX,EMPLOYEE_PNUMBER,MANAGER_ID) VALUES('E3051','YUSRY','KRU',2198,'SUPERVISOR',40,'MALE','0142946874','E2096');
INSERT INTO EMPLOYEES(EMPLOYEE_ID,EMPLOYEE_FNAME,EMPLOYEE_LNAME,EMPLOYEE_SALARY,EMPLOYEE_JOB,EMPLOYEE_AGE,EMPLOYEE_SEX,EMPLOYEE_PNUMBER,MANAGER_ID) VALUES('E1006','SITI','FATIMA',1000,'WATER MAKER',26,'FEMALE','0123160058','E3051');
INSERT INTO EMPLOYEES(EMPLOYEE_ID,EMPLOYEE_FNAME,EMPLOYEE_LNAME,EMPLOYEE_SALARY,EMPLOYEE_JOB,EMPLOYEE_AGE,EMPLOYEE_SEX,EMPLOYEE_PNUMBER,MANAGER_ID) VALUES('E3053','SUFIAN','SUHAIMI',1600,'WAITER',27,'MALE','0147294009','E3051');
INSERT INTO EMPLOYEES(EMPLOYEE_ID,EMPLOYEE_FNAME,EMPLOYEE_LNAME,EMPLOYEE_SALARY,EMPLOYEE_JOB,EMPLOYEE_AGE,EMPLOYEE_SEX,EMPLOYEE_PNUMBER,MANAGER_ID) VALUES('E1008','AFIEQ','SHAZWAN',1600,'WAITER',24,'MALE','0135107383','E3051');
INSERT INTO EMPLOYEES(EMPLOYEE_ID,EMPLOYEE_FNAME,EMPLOYEE_LNAME,EMPLOYEE_SALARY,EMPLOYEE_JOB,EMPLOYEE_AGE,EMPLOYEE_SEX,EMPLOYEE_PNUMBER,MANAGER_ID) VALUES('E3052','HAYDER','NAUFAL',7000,'FINANCE MANAGER',21,'MALE','0117360183','E0108');
INSERT INTO EMPLOYEES(EMPLOYEE_ID,EMPLOYEE_FNAME,EMPLOYEE_LNAME,EMPLOYEE_SALARY,EMPLOYEE_JOB,EMPLOYEE_AGE,EMPLOYEE_SEX,EMPLOYEE_PNUMBER,MANAGER_ID) VALUES('E1007','SAYIDAH','NAFISAH',1000,'WATER MAKER',24,'FEMALE','0172747479','E3060');
INSERT INTO EMPLOYEES(EMPLOYEE_ID,EMPLOYEE_FNAME,EMPLOYEE_LNAME,EMPLOYEE_SALARY,EMPLOYEE_JOB,EMPLOYEE_AGE,EMPLOYEE_SEX,EMPLOYEE_PNUMBER,MANAGER_ID) VALUES('E3050','FARAH','RASOOL',1569,'DISHWASHER',25,'FEMALE','0189479112','E3060');
INSERT INTO EMPLOYEES(EMPLOYEE_ID,EMPLOYEE_FNAME,EMPLOYEE_LNAME,EMPLOYEE_SALARY,EMPLOYEE_JOB,EMPLOYEE_AGE,EMPLOYEE_SEX,EMPLOYEE_PNUMBER,MANAGER_ID) VALUES('E1002','NURUL','AQILA',1569,'DISHWASHER',26,'FEMALE','0138138774','E3060');
INSERT INTO EMPLOYEES(EMPLOYEE_ID,EMPLOYEE_FNAME,EMPLOYEE_LNAME,EMPLOYEE_SALARY,EMPLOYEE_JOB,EMPLOYEE_AGE,EMPLOYEE_SEX,EMPLOYEE_PNUMBER,MANAGER_ID) VALUES('E3056','MAHDI','MAHMUD',1600,'WAITER',26,'MALE','0196102669','E3060');
INSERT INTO EMPLOYEES(EMPLOYEE_ID,EMPLOYEE_FNAME,EMPLOYEE_LNAME,EMPLOYEE_SALARY,EMPLOYEE_JOB,EMPLOYEE_AGE,EMPLOYEE_SEX,EMPLOYEE_PNUMBER,MANAGER_ID) VALUES('E1003','SYASYA','IZZATEE',4000,'SALES SUPERVISOR',23,'FEMALE','0162959677','E1001');
INSERT INTO EMPLOYEES(EMPLOYEE_ID,EMPLOYEE_FNAME,EMPLOYEE_LNAME,EMPLOYEE_SALARY,EMPLOYEE_JOB,EMPLOYEE_AGE,EMPLOYEE_SEX,EMPLOYEE_PNUMBER,MANAGER_ID) VALUES('E3058','NURUL','RAHIMAH',1600,'WAITRESS',32,'FEMALE','0165087820','E3060');
INSERT INTO EMPLOYEES(EMPLOYEE_ID,EMPLOYEE_FNAME,EMPLOYEE_LNAME,EMPLOYEE_SALARY,EMPLOYEE_JOB,EMPLOYEE_AGE,EMPLOYEE_SEX,EMPLOYEE_PNUMBER,MANAGER_ID) VALUES('E1004','ZULFAQAR','NIZAM',2500,'CHEF',32,'MALE','0177198655','E0108');
INSERT INTO EMPLOYEES(EMPLOYEE_ID,EMPLOYEE_FNAME,EMPLOYEE_LNAME,EMPLOYEE_SALARY,EMPLOYEE_JOB,EMPLOYEE_AGE,EMPLOYEE_SEX,EMPLOYEE_PNUMBER,MANAGER_ID) VALUES('E3060','VIVY','ISMAIL',2198,'SUPERVISOR',33,'FEMALE','0156743049','E2096');
INSERT INTO EMPLOYEES(EMPLOYEE_ID,EMPLOYEE_FNAME,EMPLOYEE_LNAME,EMPLOYEE_SALARY,EMPLOYEE_JOB,EMPLOYEE_AGE,EMPLOYEE_SEX,EMPLOYEE_PNUMBER,MANAGER_ID) VALUES('E1005','ZAHID','WILSON',1600,'WAITER',33,'MALE','0187310913','E4206');
INSERT INTO EMPLOYEES(EMPLOYEE_ID,EMPLOYEE_FNAME,EMPLOYEE_LNAME,EMPLOYEE_SALARY,EMPLOYEE_JOB,EMPLOYEE_AGE,EMPLOYEE_SEX,EMPLOYEE_PNUMBER,MANAGER_ID) VALUES('E3059','AMIN','AZHAR',1569,'DISHWASHER',28,'MALE','0168505292','E4206');
INSERT INTO EMPLOYEES(EMPLOYEE_ID,EMPLOYEE_FNAME,EMPLOYEE_LNAME,EMPLOYEE_SALARY,EMPLOYEE_JOB,EMPLOYEE_AGE,EMPLOYEE_SEX,EMPLOYEE_PNUMBER,MANAGER_ID) VALUES('E4201','ADIB','AIMAN',1569,'DISHWASHER',26,'MALE','0139833281','E3060');
INSERT INTO EMPLOYEES(EMPLOYEE_ID,EMPLOYEE_FNAME,EMPLOYEE_LNAME,EMPLOYEE_SALARY,EMPLOYEE_JOB,EMPLOYEE_AGE,EMPLOYEE_SEX,EMPLOYEE_PNUMBER,MANAGER_ID) VALUES('E4210','AIDIL','AMINUDIN',1600,'WAITER',22,'MALE','0178968930','E4206');
INSERT INTO EMPLOYEES(EMPLOYEE_ID,EMPLOYEE_FNAME,EMPLOYEE_LNAME,EMPLOYEE_SALARY,EMPLOYEE_JOB,EMPLOYEE_AGE,EMPLOYEE_SEX,EMPLOYEE_PNUMBER,MANAGER_ID) VALUES('E4207','MAIRA','FILZAH',4000,'SALES SUPERVISOR',23,'FEMALE','0112424876','E1001');
INSERT INTO EMPLOYEES(EMPLOYEE_ID,EMPLOYEE_FNAME,EMPLOYEE_LNAME,EMPLOYEE_SALARY,EMPLOYEE_JOB,EMPLOYEE_AGE,EMPLOYEE_SEX,EMPLOYEE_PNUMBER,MANAGER_ID) VALUES('E4203','FAHMI','ADRIANTO',1600,'WAITER',33,'MALE','0126254092','E4206');
INSERT INTO EMPLOYEES(EMPLOYEE_ID,EMPLOYEE_FNAME,EMPLOYEE_LNAME,EMPLOYEE_SALARY,EMPLOYEE_JOB,EMPLOYEE_AGE,EMPLOYEE_SEX,EMPLOYEE_PNUMBER,MANAGER_ID) VALUES('E4204','IZARA','RAISYA',1000,'ASST WATER MAKER',33,'FEMALE','0151420541','E1007');
INSERT INTO EMPLOYEES(EMPLOYEE_ID,EMPLOYEE_FNAME,EMPLOYEE_LNAME,EMPLOYEE_SALARY,EMPLOYEE_JOB,EMPLOYEE_AGE,EMPLOYEE_SEX,EMPLOYEE_PNUMBER,MANAGER_ID) VALUES('E4205','EIZAT','LAZIM',1600,'WAITER',35,'MALE','0131184208','E4206');
INSERT INTO EMPLOYEES(EMPLOYEE_ID,EMPLOYEE_FNAME,EMPLOYEE_LNAME,EMPLOYEE_SALARY,EMPLOYEE_JOB,EMPLOYEE_AGE,EMPLOYEE_SEX,EMPLOYEE_PNUMBER,MANAGER_ID) VALUES('E4208','ARISS','ANNUAR',1850,'COOK HELPER',38,'MALE','0196692138','E1004');
INSERT INTO EMPLOYEES(EMPLOYEE_ID,EMPLOYEE_FNAME,EMPLOYEE_LNAME,EMPLOYEE_SALARY,EMPLOYEE_JOB,EMPLOYEE_AGE,EMPLOYEE_SEX,EMPLOYEE_PNUMBER,MANAGER_ID) VALUES('E4209','AINAA','SYAFIKYLE',1850,'COOK HELPER',32,'FEMALE','0115599825','E1004');
INSERT INTO EMPLOYEES(EMPLOYEE_ID,EMPLOYEE_FNAME,EMPLOYEE_LNAME,EMPLOYEE_SALARY,EMPLOYEE_JOB,EMPLOYEE_AGE,EMPLOYEE_SEX,EMPLOYEE_PNUMBER,MANAGER_ID) VALUES('E4206','SITI','SALEHA',2198,'SUPERVISOR',40,'FEMALE','0158776218','E2096');
INSERT INTO EMPLOYEES(EMPLOYEE_ID,EMPLOYEE_FNAME,EMPLOYEE_LNAME,EMPLOYEE_SALARY,EMPLOYEE_JOB,EMPLOYEE_AGE,EMPLOYEE_SEX,EMPLOYEE_PNUMBER,MANAGER_ID) VALUES('E4202','IZZAH','TAHIR',5000,'ACCOUNTANT 2',29,'FEMALE','0183187291','E3052');

/*FOODS*/
INSERT INTO DISH_FOODS(FOOD_ID,FOOD_NAME,FOOD_PRICE) VALUES('F01','CHICKEN CHOP',23);
INSERT INTO DISH_FOODS(FOOD_ID,FOOD_NAME,FOOD_PRICE) VALUES('F02','NASI GORENG BIASA',5.5);
INSERT INTO DISH_FOODS(FOOD_ID,FOOD_NAME,FOOD_PRICE) VALUES('F03','NASI GORENG THAI',8.8);
INSERT INTO DISH_FOODS(FOOD_ID,FOOD_NAME,FOOD_PRICE) VALUES('F04','NASI GORENG NENAS',7.3);
INSERT INTO DISH_FOODS(FOOD_ID,FOOD_NAME,FOOD_PRICE) VALUES('F05','NASI GORENG KAMPUNG',6.3);
INSERT INTO DISH_FOODS(FOOD_ID,FOOD_NAME,FOOD_PRICE) VALUES('F06','NASI GORENG CINA',6.3);
INSERT INTO DISH_FOODS(FOOD_ID,FOOD_NAME,FOOD_PRICE) VALUES('F07','NASI GORENG PATTAYA',7.3);
INSERT INTO DISH_FOODS(FOOD_ID,FOOD_NAME,FOOD_PRICE) VALUES('F08','NASI GORENG DAGING MERAH',7.8);
INSERT INTO DISH_FOODS(FOOD_ID,FOOD_NAME,FOOD_PRICE) VALUES('F09','NASI GORENG USA ',8.8);
INSERT INTO DISH_FOODS(FOOD_ID,FOOD_NAME,FOOD_PRICE) VALUES('F10','NASI GORENG PAPRIK CAMPUR',8.3);
INSERT INTO DISH_FOODS(FOOD_ID,FOOD_NAME,FOOD_PRICE) VALUES('F11','NASI GORENG PAPRIK AYAM',8.3);
INSERT INTO DISH_FOODS(FOOD_ID,FOOD_NAME,FOOD_PRICE) VALUES('F12','NASI GORENG PAPRIK DAGING',8.3);
INSERT INTO DISH_FOODS(FOOD_ID,FOOD_NAME,FOOD_PRICE) VALUES('F13','NASI GORENG PAPRIK SEAFOOD',8.8);
INSERT INTO DISH_FOODS(FOOD_ID,FOOD_NAME,FOOD_PRICE) VALUES('F14','NASI GORENG AYAM',7.8);
INSERT INTO DISH_FOODS(FOOD_ID,FOOD_NAME,FOOD_PRICE) VALUES('F15','NASI GORENG TOMYAM',7.8);
INSERT INTO DISH_FOODS(FOOD_ID,FOOD_NAME,FOOD_PRICE) VALUES('F16','NASI GORENG SEAFOOD',8.8);
INSERT INTO DISH_FOODS(FOOD_ID,FOOD_NAME,FOOD_PRICE) VALUES('F17','NASI GORENG IKAN MASIN',6.3);
INSERT INTO DISH_FOODS(FOOD_ID,FOOD_NAME,FOOD_PRICE) VALUES('F18','NASI GORENG SAYUR',5.3);
INSERT INTO DISH_FOODS(FOOD_ID,FOOD_NAME,FOOD_PRICE) VALUES('F19','NASI GORENG KERABU',6.3);
INSERT INTO DISH_FOODS(FOOD_ID,FOOD_NAME,FOOD_PRICE) VALUES('F20','NASI GORENG CENDAWAN',7.3);
INSERT INTO DISH_FOODS(FOOD_ID,FOOD_NAME,FOOD_PRICE) VALUES('F21','AYAM MASAK MERAH',7.3);
INSERT INTO DISH_FOODS(FOOD_ID,FOOD_NAME,FOOD_PRICE) VALUES('F22','AYAM PANDAN ',7.3);
INSERT INTO DISH_FOODS(FOOD_ID,FOOD_NAME,FOOD_PRICE) VALUES('F23','AYAM GAJUS',9.8);
INSERT INTO DISH_FOODS(FOOD_ID,FOOD_NAME,FOOD_PRICE) VALUES('F24','AYAM KUNYIT',6.3);
INSERT INTO DISH_FOODS(FOOD_ID,FOOD_NAME,FOOD_PRICE) VALUES('F25','AYAM CILI KERING',7.3);
INSERT INTO DISH_FOODS(FOOD_ID,FOOD_NAME,FOOD_PRICE) VALUES('F26','AYAM MASAK KICAP',7.3);
INSERT INTO DISH_FOODS(FOOD_ID,FOOD_NAME,FOOD_PRICE) VALUES('F27','AYAM GORENG TEPUNG',7.3);
INSERT INTO DISH_FOODS(FOOD_ID,FOOD_NAME,FOOD_PRICE) VALUES('F28','AYAM HALIA',7.3);
INSERT INTO DISH_FOODS(FOOD_ID,FOOD_NAME,FOOD_PRICE) VALUES('F29','AYAM KARI HIJAU',8.8);
INSERT INTO DISH_FOODS(FOOD_ID,FOOD_NAME,FOOD_PRICE) VALUES('F30','DAGING MASAK MERAH',7.3);
INSERT INTO DISH_FOODS(FOOD_ID,FOOD_NAME,FOOD_PRICE) VALUES('F31','DAGING GORENG KUNYIT',6.3);
INSERT INTO DISH_FOODS(FOOD_ID,FOOD_NAME,FOOD_PRICE) VALUES('F32','DAGING MASAK KICAP',7.3);
INSERT INTO DISH_FOODS(FOOD_ID,FOOD_NAME,FOOD_PRICE) VALUES('F33','DAGING MASAK HALIA',7.3);
INSERT INTO DISH_FOODS(FOOD_ID,FOOD_NAME,FOOD_PRICE) VALUES('F34','DAGING NAM TOK',8.8);
INSERT INTO DISH_FOODS(FOOD_ID,FOOD_NAME,FOOD_PRICE) VALUES('F35','DAGING PANENG',8.8);
INSERT INTO DISH_FOODS(FOOD_ID,FOOD_NAME,FOOD_PRICE) VALUES('F36','SIAKAP 3 RASA',40);
INSERT INTO DISH_FOODS(FOOD_ID,FOOD_NAME,FOOD_PRICE) VALUES('F37','SIAKAP CHILLI PASTE',40);
INSERT INTO DISH_FOODS(FOOD_ID,FOOD_NAME,FOOD_PRICE) VALUES('F38','SIAKAP SWEET SOUR',40);
INSERT INTO DISH_FOODS(FOOD_ID,FOOD_NAME,FOOD_PRICE) VALUES('F39','SIAKAP STIM LIMAU',40);
INSERT INTO DISH_FOODS(FOOD_ID,FOOD_NAME,FOOD_PRICE) VALUES('F40','SIAKAP STIM ASSAM BOI',40);
INSERT INTO DISH_FOODS(FOOD_ID,FOOD_NAME,FOOD_PRICE) VALUES('F41','SIAKAP STIM HALIA',40);
INSERT INTO DISH_FOODS(FOOD_ID,FOOD_NAME,FOOD_PRICE) VALUES('F42','SIAKAP GORENG BIASA',40);
INSERT INTO DISH_FOODS(FOOD_ID,FOOD_NAME,FOOD_PRICE) VALUES('F43','KEMBONG 3 RASA',13);
INSERT INTO DISH_FOODS(FOOD_ID,FOOD_NAME,FOOD_PRICE) VALUES('F44','KEMBONG CHILLI PASTE',13);
INSERT INTO DISH_FOODS(FOOD_ID,FOOD_NAME,FOOD_PRICE) VALUES('F45','KEMBONG SWEET SOUR',13);
INSERT INTO DISH_FOODS(FOOD_ID,FOOD_NAME,FOOD_PRICE) VALUES('F46','KEMBONG STIM LIMAU',13);
INSERT INTO DISH_FOODS(FOOD_ID,FOOD_NAME,FOOD_PRICE) VALUES('F47','KEMBONG STIM ASSAM BOI',13);
INSERT INTO DISH_FOODS(FOOD_ID,FOOD_NAME,FOOD_PRICE) VALUES('F48','KEMBONG STIM HALIA',13);
INSERT INTO DISH_FOODS(FOOD_ID,FOOD_NAME,FOOD_PRICE) VALUES('F49','KEMBONG GORENG BIASA',13);
INSERT INTO DISH_FOODS(FOOD_ID,FOOD_NAME,FOOD_PRICE) VALUES('F50','TOMYAM AYAM',6);
INSERT INTO DISH_FOODS(FOOD_ID,FOOD_NAME,FOOD_PRICE) VALUES('F51','TOMYAM DAGING',8);
INSERT INTO DISH_FOODS(FOOD_ID,FOOD_NAME,FOOD_PRICE) VALUES('F52','TOMYAM CAMPUR',12);
INSERT INTO DISH_FOODS(FOOD_ID,FOOD_NAME,FOOD_PRICE) VALUES('F53','TOMYAM SOTONG',8);
INSERT INTO DISH_FOODS(FOOD_ID,FOOD_NAME,FOOD_PRICE) VALUES('F54','TOMYAM UDANG',8);
INSERT INTO DISH_FOODS(FOOD_ID,FOOD_NAME,FOOD_PRICE) VALUES('F55','TOMYAM SEAFOOD',10);
INSERT INTO DISH_FOODS(FOOD_ID,FOOD_NAME,FOOD_PRICE) VALUES('F56','SUP KOSONG',3);
INSERT INTO DISH_FOODS(FOOD_ID,FOOD_NAME,FOOD_PRICE) VALUES('F57','SUP AYAM',5);
INSERT INTO DISH_FOODS(FOOD_ID,FOOD_NAME,FOOD_PRICE) VALUES('F58','SUP DAGING',6);
INSERT INTO DISH_FOODS(FOOD_ID,FOOD_NAME,FOOD_PRICE) VALUES('F59','SUP TULANG',8);
INSERT INTO DISH_FOODS(FOOD_ID,FOOD_NAME,FOOD_PRICE) VALUES('F60','SUP CENDAWAN',4);
INSERT INTO DISH_FOODS(FOOD_ID,FOOD_NAME,FOOD_PRICE) VALUES('F61','SUP SAYUR',4);
INSERT INTO DISH_FOODS(FOOD_ID,FOOD_NAME,FOOD_PRICE) VALUES('F62','SUP GEARBOX',15);
INSERT INTO DISH_FOODS(FOOD_ID,FOOD_NAME,FOOD_PRICE) VALUES('F63','CHICKEN CHOP',8.9);
INSERT INTO DISH_FOODS(FOOD_ID,FOOD_NAME,FOOD_PRICE) VALUES('F64','CHICKEN GRILL',8.9);
INSERT INTO DISH_FOODS(FOOD_ID,FOOD_NAME,FOOD_PRICE) VALUES('F65','SINGLE LAMB CHOP',12.9);
INSERT INTO DISH_FOODS(FOOD_ID,FOOD_NAME,FOOD_PRICE) VALUES('F66','MEAT BALL',10.9);
INSERT INTO DISH_FOODS(FOOD_ID,FOOD_NAME,FOOD_PRICE) VALUES('F67','CHEEZY CHICKEN CHOP',9.5);
INSERT INTO DISH_FOODS(FOOD_ID,FOOD_NAME,FOOD_PRICE) VALUES('F68','CHEEZY CHICKEN GRILL',9.5);
INSERT INTO DISH_FOODS(FOOD_ID,FOOD_NAME,FOOD_PRICE) VALUES('F69','CHEEZY LAMB CHOP',18.5);
INSERT INTO DISH_FOODS(FOOD_ID,FOOD_NAME,FOOD_PRICE) VALUES('F70','DOUBLE CHEEZY CHICKEN GRILL',10.9);
INSERT INTO DISH_FOODS(FOOD_ID,FOOD_NAME,FOOD_PRICE) VALUES('F71','SPAGHETTI NAPOLITANO',16.9);
INSERT INTO DISH_FOODS(FOOD_ID,FOOD_NAME,FOOD_PRICE) VALUES('F72','SPAGHETTI CARBONARA',8.9);
INSERT INTO DISH_FOODS(FOOD_ID,FOOD_NAME,FOOD_PRICE) VALUES('F73','SPAGHETTI BOLOGNESE',8.9);
INSERT INTO DISH_FOODS(FOOD_ID,FOOD_NAME,FOOD_PRICE) VALUES('F74','SPAGHETTI MEATBALL',9.9);
INSERT INTO DISH_FOODS(FOOD_ID,FOOD_NAME,FOOD_PRICE) VALUES('F75','SPAGHETTI LAMB',16.9);
INSERT INTO DISH_FOODS(FOOD_ID,FOOD_NAME,FOOD_PRICE) VALUES('F76','SPAGHETTI CARBONARA MEATBALL',9.9);
INSERT INTO DISH_FOODS(FOOD_ID,FOOD_NAME,FOOD_PRICE) VALUES('F77','SPAGHETTI SALT AND PEPPER SQUID',11.9);
INSERT INTO DISH_FOODS(FOOD_ID,FOOD_NAME,FOOD_PRICE) VALUES('F78','FISH FILLET',7.9);
INSERT INTO DISH_FOODS(FOOD_ID,FOOD_NAME,FOOD_PRICE) VALUES('F79','TEMPURA CALAMARI RING',6.9);
INSERT INTO DISH_FOODS(FOOD_ID,FOOD_NAME,FOOD_PRICE) VALUES('F80','SALT AND PEPPER SQUID',9.9);
INSERT INTO DISH_FOODS(FOOD_ID,FOOD_NAME,FOOD_PRICE) VALUES('F81','FRENCH FRIES',3.9);
INSERT INTO DISH_FOODS(FOOD_ID,FOOD_NAME,FOOD_PRICE) VALUES('F82','MUSHROOM SOUP AND GARLIC BREAD',5.9);
INSERT INTO DISH_FOODS(FOOD_ID,FOOD_NAME,FOOD_PRICE) VALUES('F83','ENGLISH FOOTBALL PLATTER',15.9);

/*DRINKS*/
INSERT INTO DISH_DRINKS(DRINK_ID,DRINK_NAME,DRINK_PRICE) VALUES('D01','TEH',2);
INSERT INTO DISH_DRINKS(DRINK_ID,DRINK_NAME,DRINK_PRICE) VALUES('D02','SIRAP',1.5);
INSERT INTO DISH_DRINKS(DRINK_ID,DRINK_NAME,DRINK_PRICE) VALUES('D03','ASAM BOI',2);
INSERT INTO DISH_DRINKS(DRINK_ID,DRINK_NAME,DRINK_PRICE) VALUES('D04','GREEN TEA',3);
INSERT INTO DISH_DRINKS(DRINK_ID,DRINK_NAME,DRINK_PRICE) VALUES('D05','TEH O',2);
INSERT INTO DISH_DRINKS(DRINK_ID,DRINK_NAME,DRINK_PRICE) VALUES('D06','MILO AIS',2);
INSERT INTO DISH_DRINKS(DRINK_ID,DRINK_NAME,DRINK_PRICE) VALUES('D07','MILO PANAS',1);
INSERT INTO DISH_DRINKS(DRINK_ID,DRINK_NAME,DRINK_PRICE) VALUES('D08','SIRAP BANDUNG',1);
INSERT INTO DISH_DRINKS(DRINK_ID,DRINK_NAME,DRINK_PRICE) VALUES('D09','SIRAP LIMAU',2);
INSERT INTO DISH_DRINKS(DRINK_ID,DRINK_NAME,DRINK_PRICE) VALUES('D10','LAICI KANG',3);
INSERT INTO DISH_DRINKS(DRINK_ID,DRINK_NAME,DRINK_PRICE) VALUES('D11','LAICI ',3);
INSERT INTO DISH_DRINKS(DRINK_ID,DRINK_NAME,DRINK_PRICE) VALUES('D12','JUS EPAL',5);
INSERT INTO DISH_DRINKS(DRINK_ID,DRINK_NAME,DRINK_PRICE) VALUES('D13','JUS OREN',5);
INSERT INTO DISH_DRINKS(DRINK_ID,DRINK_NAME,DRINK_PRICE) VALUES('D14','JUS TEMBIKAI',5);
INSERT INTO DISH_DRINKS(DRINK_ID,DRINK_NAME,DRINK_PRICE) VALUES('D15','LOBAK',4);
INSERT INTO DISH_DRINKS(DRINK_ID,DRINK_NAME,DRINK_PRICE) VALUES('D16','LOBAK SUSU',4.5);
INSERT INTO DISH_DRINKS(DRINK_ID,DRINK_NAME,DRINK_PRICE) VALUES('D17','KOPI O',2);
INSERT INTO DISH_DRINKS(DRINK_ID,DRINK_NAME,DRINK_PRICE) VALUES('D18','HORLICK',5);
INSERT INTO DISH_DRINKS(DRINK_ID,DRINK_NAME,DRINK_PRICE) VALUES('D19','SKY JUICE',1);
INSERT INTO DISH_DRINKS(DRINK_ID,DRINK_NAME,DRINK_PRICE) VALUES('D20','VANILLA',5);
INSERT INTO DISH_DRINKS(DRINK_ID,DRINK_NAME,DRINK_PRICE) VALUES('D21','COKLAT',5);
INSERT INTO DISH_DRINKS(DRINK_ID,DRINK_NAME,DRINK_PRICE) VALUES('D22','LEMON TEA',3);

/*CUSTOMER*/
INSERT INTO CUSTOMER(CUSTOMER_ID,CUSTOMER_FNAME,CUSTOMER_LNAME,CUSTOMER_PNUMBER) VALUES('C870079','DARWISH','NUR','0196453723');
INSERT INTO CUSTOMER(CUSTOMER_ID,CUSTOMER_FNAME,CUSTOMER_LNAME,CUSTOMER_PNUMBER) VALUES('C023572','MUHAMMAD','AMIR','0192839283');
INSERT INTO CUSTOMER(CUSTOMER_ID,CUSTOMER_FNAME,CUSTOMER_LNAME,CUSTOMER_PNUMBER) VALUES('C589173','JOHN','CENA','0175992036');
INSERT INTO CUSTOMER(CUSTOMER_ID,CUSTOMER_FNAME,CUSTOMER_LNAME,CUSTOMER_PNUMBER) VALUES('C740715','AHMAD','DAUD','0187027738');
INSERT INTO CUSTOMER(CUSTOMER_ID,CUSTOMER_FNAME,CUSTOMER_LNAME,CUSTOMER_PNUMBER) VALUES('C659006','FARAH','ANN','0139844032');
INSERT INTO CUSTOMER(CUSTOMER_ID,CUSTOMER_FNAME,CUSTOMER_LNAME,CUSTOMER_PNUMBER) VALUES('C615031','UMIRAH','ZOLKIPLI','0137485160');
INSERT INTO CUSTOMER(CUSTOMER_ID,CUSTOMER_FNAME,CUSTOMER_LNAME,CUSTOMER_PNUMBER) VALUES('C884999','AMMAR','NAZIM','0196323663');
INSERT INTO CUSTOMER(CUSTOMER_ID,CUSTOMER_FNAME,CUSTOMER_LNAME,CUSTOMER_PNUMBER) VALUES('C872684','TECK','CHEONG','0142610482');
INSERT INTO CUSTOMER(CUSTOMER_ID,CUSTOMER_FNAME,CUSTOMER_LNAME,CUSTOMER_PNUMBER) VALUES('C950937','SAFIAH','SAHLAN','0166018363');
INSERT INTO CUSTOMER(CUSTOMER_ID,CUSTOMER_FNAME,CUSTOMER_LNAME,CUSTOMER_PNUMBER) VALUES('C854477','MIMI','LANA','0152538552');
INSERT INTO CUSTOMER(CUSTOMER_ID,CUSTOMER_FNAME,CUSTOMER_LNAME,CUSTOMER_PNUMBER) VALUES('C622151','NUQMAN','HAIKAL','0193007513');
INSERT INTO CUSTOMER(CUSTOMER_ID,CUSTOMER_FNAME,CUSTOMER_LNAME,CUSTOMER_PNUMBER) VALUES('C496423','AZFAR','HAKIMY','0199895525');
INSERT INTO CUSTOMER(CUSTOMER_ID,CUSTOMER_FNAME,CUSTOMER_LNAME,CUSTOMER_PNUMBER) VALUES('C596394','NOR','LEE','0146041548');
INSERT INTO CUSTOMER(CUSTOMER_ID,CUSTOMER_FNAME,CUSTOMER_LNAME,CUSTOMER_PNUMBER) VALUES('C999304','NUR','FARZANA','0173756867');
INSERT INTO CUSTOMER(CUSTOMER_ID,CUSTOMER_FNAME,CUSTOMER_LNAME,CUSTOMER_PNUMBER) VALUES('C471460','NUR','AMIRAH','0148326860');
INSERT INTO CUSTOMER(CUSTOMER_ID,CUSTOMER_FNAME,CUSTOMER_LNAME,CUSTOMER_PNUMBER) VALUES('C662494','NURUL','RAUDHAH','0192577285');
INSERT INTO CUSTOMER(CUSTOMER_ID,CUSTOMER_FNAME,CUSTOMER_LNAME,CUSTOMER_PNUMBER) VALUES('C804426','WAN','ARINA','0163283658');
INSERT INTO CUSTOMER(CUSTOMER_ID,CUSTOMER_FNAME,CUSTOMER_LNAME,CUSTOMER_PNUMBER) VALUES('C173913','NIK','ZULAIKHA','0131302193');
INSERT INTO CUSTOMER(CUSTOMER_ID,CUSTOMER_FNAME,CUSTOMER_LNAME,CUSTOMER_PNUMBER) VALUES('C511399','KU','FAIZ','0194994959');
INSERT INTO CUSTOMER(CUSTOMER_ID,CUSTOMER_FNAME,CUSTOMER_LNAME,CUSTOMER_PNUMBER) VALUES('C932893','AZRAFF','AHMAD','0118251247');
INSERT INTO CUSTOMER(CUSTOMER_ID,CUSTOMER_FNAME,CUSTOMER_LNAME,CUSTOMER_PNUMBER) VALUES('C101897','SYAHMI','HAIQAL','0146757698');
INSERT INTO CUSTOMER(CUSTOMER_ID,CUSTOMER_FNAME,CUSTOMER_LNAME,CUSTOMER_PNUMBER) VALUES('C823221','FAIZZUDIN','OMAR','0113638372');
INSERT INTO CUSTOMER(CUSTOMER_ID,CUSTOMER_FNAME,CUSTOMER_LNAME,CUSTOMER_PNUMBER) VALUES('C787143','SITI','UMAIRAH','0181047676');
INSERT INTO CUSTOMER(CUSTOMER_ID,CUSTOMER_FNAME,CUSTOMER_LNAME,CUSTOMER_PNUMBER) VALUES('C898780','SITI','SYAHIRAH','0151929487');
INSERT INTO CUSTOMER(CUSTOMER_ID,CUSTOMER_FNAME,CUSTOMER_LNAME,CUSTOMER_PNUMBER) VALUES('C551710','HANANI','ZAHIRAH','0124513593');
INSERT INTO CUSTOMER(CUSTOMER_ID,CUSTOMER_FNAME,CUSTOMER_LNAME,CUSTOMER_PNUMBER) VALUES('C541612','FAUZI','ABDULLAH','0191134155');
INSERT INTO CUSTOMER(CUSTOMER_ID,CUSTOMER_FNAME,CUSTOMER_LNAME,CUSTOMER_PNUMBER) VALUES('C268483','AHMADEE','ABDULLAH','0178484369');
INSERT INTO CUSTOMER(CUSTOMER_ID,CUSTOMER_FNAME,CUSTOMER_LNAME,CUSTOMER_PNUMBER) VALUES('C240483','ZULHELMY','DOLLAH','0122711756');
INSERT INTO CUSTOMER(CUSTOMER_ID,CUSTOMER_FNAME,CUSTOMER_LNAME,CUSTOMER_PNUMBER) VALUES('C530596','SAFWAN','NAZRIQ','0184765057');
INSERT INTO CUSTOMER(CUSTOMER_ID,CUSTOMER_FNAME,CUSTOMER_LNAME,CUSTOMER_PNUMBER) VALUES('C165912','ANAS','FAWWAZ','0168358278');
INSERT INTO CUSTOMER(CUSTOMER_ID,CUSTOMER_FNAME,CUSTOMER_LNAME,CUSTOMER_PNUMBER) VALUES('C959987','WAN','NAYLI','0176939496');
INSERT INTO CUSTOMER(CUSTOMER_ID,CUSTOMER_FNAME,CUSTOMER_LNAME,CUSTOMER_PNUMBER) VALUES('C748779','ABU','SUFIAN','0133317961');
INSERT INTO CUSTOMER(CUSTOMER_ID,CUSTOMER_FNAME,CUSTOMER_LNAME,CUSTOMER_PNUMBER) VALUES('C760465','FATIMAH','BAKAR','0154475706');
INSERT INTO CUSTOMER(CUSTOMER_ID,CUSTOMER_FNAME,CUSTOMER_LNAME,CUSTOMER_PNUMBER) VALUES('C394637','SOBRINA','FITRI','0118876430');
INSERT INTO CUSTOMER(CUSTOMER_ID,CUSTOMER_FNAME,CUSTOMER_LNAME,CUSTOMER_PNUMBER) VALUES('C642263','MARIA','KARY','0150145183');
INSERT INTO CUSTOMER(CUSTOMER_ID,CUSTOMER_FNAME,CUSTOMER_LNAME,CUSTOMER_PNUMBER) VALUES('C319893','AHMAD','SAIFULLAH','0164523372');
INSERT INTO CUSTOMER(CUSTOMER_ID,CUSTOMER_FNAME,CUSTOMER_LNAME,CUSTOMER_PNUMBER) VALUES('C909192','TAN','BOON','0169543092');
INSERT INTO CUSTOMER(CUSTOMER_ID,CUSTOMER_FNAME,CUSTOMER_LNAME,CUSTOMER_PNUMBER) VALUES('C219169','ABDUL','WAHAB','0126785349');
INSERT INTO CUSTOMER(CUSTOMER_ID,CUSTOMER_FNAME,CUSTOMER_LNAME,CUSTOMER_PNUMBER) VALUES('C700359','SITI','NURHALIZA','0179859128');
INSERT INTO CUSTOMER(CUSTOMER_ID,CUSTOMER_FNAME,CUSTOMER_LNAME,CUSTOMER_PNUMBER) VALUES('C680576','FAIQAH','SUHAIMI','0120220251');
INSERT INTO CUSTOMER(CUSTOMER_ID,CUSTOMER_FNAME,CUSTOMER_LNAME,CUSTOMER_PNUMBER) VALUES('C401904','SYAHIR','DERAMAN','0182872185');
INSERT INTO CUSTOMER(CUSTOMER_ID,CUSTOMER_FNAME,CUSTOMER_LNAME,CUSTOMER_PNUMBER) VALUES('C142977','LIM','BEE','0136119574');
INSERT INTO CUSTOMER(CUSTOMER_ID,CUSTOMER_FNAME,CUSTOMER_LNAME,CUSTOMER_PNUMBER) VALUES('C131187','TAN','PECK','0155159519');
INSERT INTO CUSTOMER(CUSTOMER_ID,CUSTOMER_FNAME,CUSTOMER_LNAME,CUSTOMER_PNUMBER) VALUES('C251710','ZEE','JIA','0143815059');
INSERT INTO CUSTOMER(CUSTOMER_ID,CUSTOMER_FNAME,CUSTOMER_LNAME,CUSTOMER_PNUMBER) VALUES('C484300','SALMAN','MOHAMED','0134431601');
INSERT INTO CUSTOMER(CUSTOMER_ID,CUSTOMER_FNAME,CUSTOMER_LNAME,CUSTOMER_PNUMBER) VALUES('C441997','DEAN','NATASHA','0187473949');
INSERT INTO CUSTOMER(CUSTOMER_ID,CUSTOMER_FNAME,CUSTOMER_LNAME,CUSTOMER_PNUMBER) VALUES('C927041','NATASYA','AZMI','0141522909');
INSERT INTO CUSTOMER(CUSTOMER_ID,CUSTOMER_FNAME,CUSTOMER_LNAME,CUSTOMER_PNUMBER) VALUES('C285025','JANNAH','ISA','0171824064');
INSERT INTO CUSTOMER(CUSTOMER_ID,CUSTOMER_FNAME,CUSTOMER_LNAME,CUSTOMER_PNUMBER) VALUES('C346268','FARISYA','JASMAN','0161175391');
INSERT INTO CUSTOMER(CUSTOMER_ID,CUSTOMER_FNAME,CUSTOMER_LNAME,CUSTOMER_PNUMBER) VALUES('C235166','JULITA','AISHAH','0129876239');
INSERT INTO CUSTOMER(CUSTOMER_ID,CUSTOMER_FNAME,CUSTOMER_LNAME,CUSTOMER_PNUMBER) VALUES('C197834','HAFEEZ','MAHAMAD','0190058984');
INSERT INTO CUSTOMER(CUSTOMER_ID,CUSTOMER_FNAME,CUSTOMER_LNAME,CUSTOMER_PNUMBER) VALUES('C462320','QAYYUM','FIKRI','0116383787');
INSERT INTO CUSTOMER(CUSTOMER_ID,CUSTOMER_FNAME,CUSTOMER_LNAME,CUSTOMER_PNUMBER) VALUES('C118079','MEOR','HASSAN','0111619344');
INSERT INTO CUSTOMER(CUSTOMER_ID,CUSTOMER_FNAME,CUSTOMER_LNAME,CUSTOMER_PNUMBER) VALUES('C342632','MIOR','AMIR','0197684446');
INSERT INTO CUSTOMER(CUSTOMER_ID,CUSTOMER_FNAME,CUSTOMER_LNAME,CUSTOMER_PNUMBER) VALUES('C810757','FAIZZ','RAZAK','0128177584');
INSERT INTO CUSTOMER(CUSTOMER_ID,CUSTOMER_FNAME,CUSTOMER_LNAME,CUSTOMER_PNUMBER) VALUES('C982660','FAHMEE','RAZAK','0166597118');
INSERT INTO CUSTOMER(CUSTOMER_ID,CUSTOMER_FNAME,CUSTOMER_LNAME,CUSTOMER_PNUMBER) VALUES('C775131','INTAN','NAJUWA','0183408675');
INSERT INTO CUSTOMER(CUSTOMER_ID,CUSTOMER_FNAME,CUSTOMER_LNAME,CUSTOMER_PNUMBER) VALUES('C297123','NURUL','FARHANA','0157291253');
INSERT INTO CUSTOMER(CUSTOMER_ID,CUSTOMER_FNAME,CUSTOMER_LNAME,CUSTOMER_PNUMBER) VALUES('C311785','JULIA','JEFRY','0110012405');
INSERT INTO CUSTOMER(CUSTOMER_ID,CUSTOMER_FNAME,CUSTOMER_LNAME,CUSTOMER_PNUMBER) VALUES('C415148','ELIS','ZULKIFLY','0139312994');
INSERT INTO CUSTOMER(CUSTOMER_ID,CUSTOMER_FNAME,CUSTOMER_LNAME,CUSTOMER_PNUMBER) VALUES('C568751','KHAIRIL','IMAN','0129216278');
INSERT INTO CUSTOMER(CUSTOMER_ID,CUSTOMER_FNAME,CUSTOMER_LNAME,CUSTOMER_PNUMBER) VALUES('C429064','FAZIRA','KHALIL','0159442466');
INSERT INTO CUSTOMER(CUSTOMER_ID,CUSTOMER_FNAME,CUSTOMER_LNAME,CUSTOMER_PNUMBER) VALUES('C726921','SAFA','MARWAH','0122089053');
INSERT INTO CUSTOMER(CUSTOMER_ID,CUSTOMER_FNAME,CUSTOMER_LNAME,CUSTOMER_PNUMBER) VALUES('C699809','ABU','ABBAS','0158930435');
INSERT INTO CUSTOMER(CUSTOMER_ID,CUSTOMER_FNAME,CUSTOMER_LNAME,CUSTOMER_PNUMBER) VALUES('C183862','DANISH','AKMAL','0172225796');
INSERT INTO CUSTOMER(CUSTOMER_ID,CUSTOMER_FNAME,CUSTOMER_LNAME,CUSTOMER_PNUMBER) VALUES('C370243','ADLINA','NAJWA','0115194411');

/*ORDERS*/
INSERT INTO ORDERS(ORDER_ID,CUSTOMER_ID,ORDER_DATE,FOOD_ID,DRINK_ID,ORDER_QUANTITY,ORDER_PAYMENT_TYPE) VALUES('O0001','C870079','23/6/2022','F03','D01',1,'CASH');
INSERT INTO ORDERS(ORDER_ID,CUSTOMER_ID,ORDER_DATE,FOOD_ID,DRINK_ID,ORDER_QUANTITY,ORDER_PAYMENT_TYPE) VALUES('O0002','C023572','23/6/2022','F05','D02',1,'ONLINE');
INSERT INTO ORDERS(ORDER_ID,CUSTOMER_ID,ORDER_DATE,FOOD_ID,DRINK_ID,ORDER_QUANTITY,ORDER_PAYMENT_TYPE) VALUES('O0003','C589173','24/6/2022','F46','D08',3,'ONLINE');
INSERT INTO ORDERS(ORDER_ID,CUSTOMER_ID,ORDER_DATE,FOOD_ID,DRINK_ID,ORDER_QUANTITY,ORDER_PAYMENT_TYPE) VALUES('O0004','C740715','24/6/2022','F21','D17',3,'CASH');
INSERT INTO ORDERS(ORDER_ID,CUSTOMER_ID,ORDER_DATE,FOOD_ID,DRINK_ID,ORDER_QUANTITY,ORDER_PAYMENT_TYPE) VALUES('O0005','C659006','24/6/2022','F70','D18',2,'ONLINE');
INSERT INTO ORDERS(ORDER_ID,CUSTOMER_ID,ORDER_DATE,FOOD_ID,DRINK_ID,ORDER_QUANTITY,ORDER_PAYMENT_TYPE) VALUES('O0006','C615031','24/6/2022','F10','D22',2,'CASH');
INSERT INTO ORDERS(ORDER_ID,CUSTOMER_ID,ORDER_DATE,FOOD_ID,DRINK_ID,ORDER_QUANTITY,ORDER_PAYMENT_TYPE) VALUES('O0007','C884999','24/6/2022','F07','D21',1,'ONLINE');
INSERT INTO ORDERS(ORDER_ID,CUSTOMER_ID,ORDER_DATE,FOOD_ID,DRINK_ID,ORDER_QUANTITY,ORDER_PAYMENT_TYPE) VALUES('O0008','C872684','24/6/2022','F59','D09',2,'CASH');
INSERT INTO ORDERS(ORDER_ID,CUSTOMER_ID,ORDER_DATE,FOOD_ID,DRINK_ID,ORDER_QUANTITY,ORDER_PAYMENT_TYPE) VALUES('O0009','C950937','24/6/2022','F06','D12',3,'CASH');
INSERT INTO ORDERS(ORDER_ID,CUSTOMER_ID,ORDER_DATE,FOOD_ID,DRINK_ID,ORDER_QUANTITY,ORDER_PAYMENT_TYPE) VALUES('O0010','C854477','25/6/2022','F65','D07',3,'ONLINE');
INSERT INTO ORDERS(ORDER_ID,CUSTOMER_ID,ORDER_DATE,FOOD_ID,DRINK_ID,ORDER_QUANTITY,ORDER_PAYMENT_TYPE) VALUES('O0011','C622151','25/6/2022','F77','D11',2,'CASH');
INSERT INTO ORDERS(ORDER_ID,CUSTOMER_ID,ORDER_DATE,FOOD_ID,DRINK_ID,ORDER_QUANTITY,ORDER_PAYMENT_TYPE) VALUES('O0012','C496423','25/6/2022','F01','D16',2,'ONLINE');
INSERT INTO ORDERS(ORDER_ID,CUSTOMER_ID,ORDER_DATE,FOOD_ID,DRINK_ID,ORDER_QUANTITY,ORDER_PAYMENT_TYPE) VALUES('O0013','C596394','25/6/2022','F62','D13',3,'CASH');
INSERT INTO ORDERS(ORDER_ID,CUSTOMER_ID,ORDER_DATE,FOOD_ID,DRINK_ID,ORDER_QUANTITY,ORDER_PAYMENT_TYPE) VALUES('O0014','C999304','25/6/2022','F24','D19',3,'CASH');
INSERT INTO ORDERS(ORDER_ID,CUSTOMER_ID,ORDER_DATE,FOOD_ID,DRINK_ID,ORDER_QUANTITY,ORDER_PAYMENT_TYPE) VALUES('O0015','C471460','26/6/2022','F25','D02',1,'ONLINE');
INSERT INTO ORDERS(ORDER_ID,CUSTOMER_ID,ORDER_DATE,FOOD_ID,DRINK_ID,ORDER_QUANTITY,ORDER_PAYMENT_TYPE) VALUES('O0016','C662494','26/6/2022','F33','D05',2,'ONLINE');
INSERT INTO ORDERS(ORDER_ID,CUSTOMER_ID,ORDER_DATE,FOOD_ID,DRINK_ID,ORDER_QUANTITY,ORDER_PAYMENT_TYPE) VALUES('O0017','C804426','26/6/2022','F63','D03',3,'ONLINE');
INSERT INTO ORDERS(ORDER_ID,CUSTOMER_ID,ORDER_DATE,FOOD_ID,DRINK_ID,ORDER_QUANTITY,ORDER_PAYMENT_TYPE) VALUES('O0018','C173913','26/6/2022','F72','D14',3,'ONLINE');
INSERT INTO ORDERS(ORDER_ID,CUSTOMER_ID,ORDER_DATE,FOOD_ID,DRINK_ID,ORDER_QUANTITY,ORDER_PAYMENT_TYPE) VALUES('O0019','C511399','27/6/2022','F39','D01',2,'ONLINE');
INSERT INTO ORDERS(ORDER_ID,CUSTOMER_ID,ORDER_DATE,FOOD_ID,DRINK_ID,ORDER_QUANTITY,ORDER_PAYMENT_TYPE) VALUES('O0020','C932893','27/6/2022','F14','D15',1,'ONLINE');
INSERT INTO ORDERS(ORDER_ID,CUSTOMER_ID,ORDER_DATE,FOOD_ID,DRINK_ID,ORDER_QUANTITY,ORDER_PAYMENT_TYPE) VALUES('O0021','C101897','28/6/2022','F12','D10',2,'ONLINE');
INSERT INTO ORDERS(ORDER_ID,CUSTOMER_ID,ORDER_DATE,FOOD_ID,DRINK_ID,ORDER_QUANTITY,ORDER_PAYMENT_TYPE) VALUES('O0022','C823221','28/6/2022','F76','D20',2,'ONLINE');
INSERT INTO ORDERS(ORDER_ID,CUSTOMER_ID,ORDER_DATE,FOOD_ID,DRINK_ID,ORDER_QUANTITY,ORDER_PAYMENT_TYPE) VALUES('O0023','C787143','28/6/2022','F79','D06',1,'ONLINE');
INSERT INTO ORDERS(ORDER_ID,CUSTOMER_ID,ORDER_DATE,FOOD_ID,DRINK_ID,ORDER_QUANTITY,ORDER_PAYMENT_TYPE) VALUES('O0024','C898780','28/6/2022','F56','D04',1,'CASH');
INSERT INTO ORDERS(ORDER_ID,CUSTOMER_ID,ORDER_DATE,FOOD_ID,DRINK_ID,ORDER_QUANTITY,ORDER_PAYMENT_TYPE) VALUES('O0025','C551710','28/6/2022','F51','D20',1,'ONLINE');
INSERT INTO ORDERS(ORDER_ID,CUSTOMER_ID,ORDER_DATE,FOOD_ID,DRINK_ID,ORDER_QUANTITY,ORDER_PAYMENT_TYPE) VALUES('O0026','C541612','28/6/2022','F74','D18',3,'ONLINE');
INSERT INTO ORDERS(ORDER_ID,CUSTOMER_ID,ORDER_DATE,FOOD_ID,DRINK_ID,ORDER_QUANTITY,ORDER_PAYMENT_TYPE) VALUES('O0027','C268483','28/6/2022','F55','D04',2,'ONLINE');
INSERT INTO ORDERS(ORDER_ID,CUSTOMER_ID,ORDER_DATE,FOOD_ID,DRINK_ID,ORDER_QUANTITY,ORDER_PAYMENT_TYPE) VALUES('O0028','C240483','28/6/2022','F43','D21',2,'CASH');
INSERT INTO ORDERS(ORDER_ID,CUSTOMER_ID,ORDER_DATE,FOOD_ID,DRINK_ID,ORDER_QUANTITY,ORDER_PAYMENT_TYPE) VALUES('O0029','C530596','28/6/2022','F26','D04',3,'CASH');
INSERT INTO ORDERS(ORDER_ID,CUSTOMER_ID,ORDER_DATE,FOOD_ID,DRINK_ID,ORDER_QUANTITY,ORDER_PAYMENT_TYPE) VALUES('O0030','C165912','29/6/2022','F75','D03',2,'ONLINE');
INSERT INTO ORDERS(ORDER_ID,CUSTOMER_ID,ORDER_DATE,FOOD_ID,DRINK_ID,ORDER_QUANTITY,ORDER_PAYMENT_TYPE) VALUES('O0031','C959987','29/6/2022','F58','D13',1,'ONLINE');
INSERT INTO ORDERS(ORDER_ID,CUSTOMER_ID,ORDER_DATE,FOOD_ID,DRINK_ID,ORDER_QUANTITY,ORDER_PAYMENT_TYPE) VALUES('O0032','C748779','29/6/2022','F49','D11',1,'CASH');
INSERT INTO ORDERS(ORDER_ID,CUSTOMER_ID,ORDER_DATE,FOOD_ID,DRINK_ID,ORDER_QUANTITY,ORDER_PAYMENT_TYPE) VALUES('O0033','C760465','29/6/2022','F50','D16',2,'CASH');
INSERT INTO ORDERS(ORDER_ID,CUSTOMER_ID,ORDER_DATE,FOOD_ID,DRINK_ID,ORDER_QUANTITY,ORDER_PAYMENT_TYPE) VALUES('O0034','C394637','29/6/2022','F34','D03',2,'CASH');
INSERT INTO ORDERS(ORDER_ID,CUSTOMER_ID,ORDER_DATE,FOOD_ID,DRINK_ID,ORDER_QUANTITY,ORDER_PAYMENT_TYPE) VALUES('O0035','C642263','30/6/2022','F16','D11',3,'CASH');
INSERT INTO ORDERS(ORDER_ID,CUSTOMER_ID,ORDER_DATE,FOOD_ID,DRINK_ID,ORDER_QUANTITY,ORDER_PAYMENT_TYPE) VALUES('O0036','C319893','30/6/2022','F53','D04',3,'CASH');
INSERT INTO ORDERS(ORDER_ID,CUSTOMER_ID,ORDER_DATE,FOOD_ID,DRINK_ID,ORDER_QUANTITY,ORDER_PAYMENT_TYPE) VALUES('O0037','C909192','30/6/2022','F15','D22',3,'CASH');
INSERT INTO ORDERS(ORDER_ID,CUSTOMER_ID,ORDER_DATE,FOOD_ID,DRINK_ID,ORDER_QUANTITY,ORDER_PAYMENT_TYPE) VALUES('O0038','C219169','30/6/2022','F52','D01',3,'ONLINE');
INSERT INTO ORDERS(ORDER_ID,CUSTOMER_ID,ORDER_DATE,FOOD_ID,DRINK_ID,ORDER_QUANTITY,ORDER_PAYMENT_TYPE) VALUES('O0039','C700359','30/6/2022','F83','D06',2,'CASH');
INSERT INTO ORDERS(ORDER_ID,CUSTOMER_ID,ORDER_DATE,FOOD_ID,DRINK_ID,ORDER_QUANTITY,ORDER_PAYMENT_TYPE) VALUES('O0040','C680576','30/6/2022','F09','D01',1,'CASH');
INSERT INTO ORDERS(ORDER_ID,CUSTOMER_ID,ORDER_DATE,FOOD_ID,DRINK_ID,ORDER_QUANTITY,ORDER_PAYMENT_TYPE) VALUES('O0041','C401904','30/6/2022','F64','D15',2,'ONLINE');
INSERT INTO ORDERS(ORDER_ID,CUSTOMER_ID,ORDER_DATE,FOOD_ID,DRINK_ID,ORDER_QUANTITY,ORDER_PAYMENT_TYPE) VALUES('O0042','C142977','30/6/2022','F08','D09',3,'CASH');
INSERT INTO ORDERS(ORDER_ID,CUSTOMER_ID,ORDER_DATE,FOOD_ID,DRINK_ID,ORDER_QUANTITY,ORDER_PAYMENT_TYPE) VALUES('O0043','C131187','30/6/2022','F30','D03',1,'CASH');
INSERT INTO ORDERS(ORDER_ID,CUSTOMER_ID,ORDER_DATE,FOOD_ID,DRINK_ID,ORDER_QUANTITY,ORDER_PAYMENT_TYPE) VALUES('O0044','C251710','30/6/2022','F71','D09',1,'CASH');
INSERT INTO ORDERS(ORDER_ID,CUSTOMER_ID,ORDER_DATE,FOOD_ID,DRINK_ID,ORDER_QUANTITY,ORDER_PAYMENT_TYPE) VALUES('O0045','C484300','1/7/2022','F69','D13',2,'ONLINE');
INSERT INTO ORDERS(ORDER_ID,CUSTOMER_ID,ORDER_DATE,FOOD_ID,DRINK_ID,ORDER_QUANTITY,ORDER_PAYMENT_TYPE) VALUES('O0046','C441997','1/7/2022','F44','D01',3,'ONLINE');
INSERT INTO ORDERS(ORDER_ID,CUSTOMER_ID,ORDER_DATE,FOOD_ID,DRINK_ID,ORDER_QUANTITY,ORDER_PAYMENT_TYPE) VALUES('O0047','C927041','1/7/2022','F47','D02',1,'CASH');
INSERT INTO ORDERS(ORDER_ID,CUSTOMER_ID,ORDER_DATE,FOOD_ID,DRINK_ID,ORDER_QUANTITY,ORDER_PAYMENT_TYPE) VALUES('O0048','C285025','1/7/2022','F03','D20',3,'CASH');
INSERT INTO ORDERS(ORDER_ID,CUSTOMER_ID,ORDER_DATE,FOOD_ID,DRINK_ID,ORDER_QUANTITY,ORDER_PAYMENT_TYPE) VALUES('O0049','C346268','1/7/2022','F28','D17',1,'CASH');
INSERT INTO ORDERS(ORDER_ID,CUSTOMER_ID,ORDER_DATE,FOOD_ID,DRINK_ID,ORDER_QUANTITY,ORDER_PAYMENT_TYPE) VALUES('O0050','C235166','1/7/2022','F78','D15',2,'ONLINE');
INSERT INTO ORDERS(ORDER_ID,CUSTOMER_ID,ORDER_DATE,FOOD_ID,DRINK_ID,ORDER_QUANTITY,ORDER_PAYMENT_TYPE) VALUES('O0051','C197834','2/7/2022','F73','D07',3,'CASH');
INSERT INTO ORDERS(ORDER_ID,CUSTOMER_ID,ORDER_DATE,FOOD_ID,DRINK_ID,ORDER_QUANTITY,ORDER_PAYMENT_TYPE) VALUES('O0052','C462320','2/7/2022','F13','D05',3,'CASH');
INSERT INTO ORDERS(ORDER_ID,CUSTOMER_ID,ORDER_DATE,FOOD_ID,DRINK_ID,ORDER_QUANTITY,ORDER_PAYMENT_TYPE) VALUES('O0053','C118079','2/7/2022','F18','D09',1,'CASH');
INSERT INTO ORDERS(ORDER_ID,CUSTOMER_ID,ORDER_DATE,FOOD_ID,DRINK_ID,ORDER_QUANTITY,ORDER_PAYMENT_TYPE) VALUES('O0054','C342632','2/7/2022','F19','D04',1,'ONLINE');
INSERT INTO ORDERS(ORDER_ID,CUSTOMER_ID,ORDER_DATE,FOOD_ID,DRINK_ID,ORDER_QUANTITY,ORDER_PAYMENT_TYPE) VALUES('O0055','C810757','2/7/2022','F20','D07',2,'CASH');
INSERT INTO ORDERS(ORDER_ID,CUSTOMER_ID,ORDER_DATE,FOOD_ID,DRINK_ID,ORDER_QUANTITY,ORDER_PAYMENT_TYPE) VALUES('O0056','C982660','2/7/2022','F37','D21',1,'ONLINE');
INSERT INTO ORDERS(ORDER_ID,CUSTOMER_ID,ORDER_DATE,FOOD_ID,DRINK_ID,ORDER_QUANTITY,ORDER_PAYMENT_TYPE) VALUES('O0057','C775131','2/7/2022','F82','D08',2,'CASH');
INSERT INTO ORDERS(ORDER_ID,CUSTOMER_ID,ORDER_DATE,FOOD_ID,DRINK_ID,ORDER_QUANTITY,ORDER_PAYMENT_TYPE) VALUES('O0058','C297123','2/7/2022','F38','D11',2,'CASH');
INSERT INTO ORDERS(ORDER_ID,CUSTOMER_ID,ORDER_DATE,FOOD_ID,DRINK_ID,ORDER_QUANTITY,ORDER_PAYMENT_TYPE) VALUES('O0059','C311785','2/7/2022','F02','D06',3,'CASH');
INSERT INTO ORDERS(ORDER_ID,CUSTOMER_ID,ORDER_DATE,FOOD_ID,DRINK_ID,ORDER_QUANTITY,ORDER_PAYMENT_TYPE) VALUES('O0060','C415148','2/7/2022','F04','D15',3,'ONLINE');
INSERT INTO ORDERS(ORDER_ID,CUSTOMER_ID,ORDER_DATE,FOOD_ID,DRINK_ID,ORDER_QUANTITY,ORDER_PAYMENT_TYPE) VALUES('O0061','C568751','2/7/2022','F05','D06',3,'ONLINE');
INSERT INTO ORDERS(ORDER_ID,CUSTOMER_ID,ORDER_DATE,FOOD_ID,DRINK_ID,ORDER_QUANTITY,ORDER_PAYMENT_TYPE) VALUES('O0062','C429064','2/7/2022','F61','D22',2,'CASH');
INSERT INTO ORDERS(ORDER_ID,CUSTOMER_ID,ORDER_DATE,FOOD_ID,DRINK_ID,ORDER_QUANTITY,ORDER_PAYMENT_TYPE) VALUES('O0063','C726921','3/7/2022','F27','D09',1,'ONLINE');
INSERT INTO ORDERS(ORDER_ID,CUSTOMER_ID,ORDER_DATE,FOOD_ID,DRINK_ID,ORDER_QUANTITY,ORDER_PAYMENT_TYPE) VALUES('O0064','C699809','3/7/2022','F41','D03',3,'ONLINE');
INSERT INTO ORDERS(ORDER_ID,CUSTOMER_ID,ORDER_DATE,FOOD_ID,DRINK_ID,ORDER_QUANTITY,ORDER_PAYMENT_TYPE) VALUES('O0065','C183862','3/7/2022','F60','D13',1,'CASH');
INSERT INTO ORDERS(ORDER_ID,CUSTOMER_ID,ORDER_DATE,FOOD_ID,DRINK_ID,ORDER_QUANTITY,ORDER_PAYMENT_TYPE) VALUES('O0066','C370243','3/7/2022','F11','D20',2,'CASH');

/*WAITRESS*/
INSERT INTO WAITRESS(EMPLOYEE_ID,ORDER_ID,WAITRESS_FNAME,WAITRESS_LNAME) VALUES('E0105','O0001','WAN','ISYAH');
INSERT INTO WAITRESS(EMPLOYEE_ID,ORDER_ID,WAITRESS_FNAME,WAITRESS_LNAME) VALUES('E0105','O0002','WAN','ISYAH');
INSERT INTO WAITRESS(EMPLOYEE_ID,ORDER_ID,WAITRESS_FNAME,WAITRESS_LNAME) VALUES('E4210','O0003','AIDIL','AMINUDIN');
INSERT INTO WAITRESS(EMPLOYEE_ID,ORDER_ID,WAITRESS_FNAME,WAITRESS_LNAME) VALUES('E0106','O0004','NUR ','ERDINA');
INSERT INTO WAITRESS(EMPLOYEE_ID,ORDER_ID,WAITRESS_FNAME,WAITRESS_LNAME) VALUES('E3055','O0005','ANISS','SOFEA');
INSERT INTO WAITRESS(EMPLOYEE_ID,ORDER_ID,WAITRESS_FNAME,WAITRESS_LNAME) VALUES('E0105','O0006','WAN','ISYAH');
INSERT INTO WAITRESS(EMPLOYEE_ID,ORDER_ID,WAITRESS_FNAME,WAITRESS_LNAME) VALUES('E4205','O0007','EIZAT','LAZIM');
INSERT INTO WAITRESS(EMPLOYEE_ID,ORDER_ID,WAITRESS_FNAME,WAITRESS_LNAME) VALUES('E1009','O0008','HELMY','HALIM');
INSERT INTO WAITRESS(EMPLOYEE_ID,ORDER_ID,WAITRESS_FNAME,WAITRESS_LNAME) VALUES('E3058','O0009','NURUL','RAHIMAH');
INSERT INTO WAITRESS(EMPLOYEE_ID,ORDER_ID,WAITRESS_FNAME,WAITRESS_LNAME) VALUES('E3056','O0010','MAHDI','MAHMUD');
INSERT INTO WAITRESS(EMPLOYEE_ID,ORDER_ID,WAITRESS_FNAME,WAITRESS_LNAME) VALUES('E2094','O0011','NURUL','AIN');
INSERT INTO WAITRESS(EMPLOYEE_ID,ORDER_ID,WAITRESS_FNAME,WAITRESS_LNAME) VALUES('E1008','O0012','AFIEQ','SHAZWAN');
INSERT INTO WAITRESS(EMPLOYEE_ID,ORDER_ID,WAITRESS_FNAME,WAITRESS_LNAME) VALUES('E2099','O0013','NADIA','JAMAL');
INSERT INTO WAITRESS(EMPLOYEE_ID,ORDER_ID,WAITRESS_FNAME,WAITRESS_LNAME) VALUES('E2098','O0014','SYAMSUL','YUSOFF');
INSERT INTO WAITRESS(EMPLOYEE_ID,ORDER_ID,WAITRESS_FNAME,WAITRESS_LNAME) VALUES('E2095','O0015','ABDUL','MUTALIB');
INSERT INTO WAITRESS(EMPLOYEE_ID,ORDER_ID,WAITRESS_FNAME,WAITRESS_LNAME) VALUES('E3053','O0016','SUFIAN','SUHAIMI');
INSERT INTO WAITRESS(EMPLOYEE_ID,ORDER_ID,WAITRESS_FNAME,WAITRESS_LNAME) VALUES('E2090','O0017','ALEESA','ARYANNA');
INSERT INTO WAITRESS(EMPLOYEE_ID,ORDER_ID,WAITRESS_FNAME,WAITRESS_LNAME) VALUES('E0101','O0018','FARHAN','JAAFAR');
INSERT INTO WAITRESS(EMPLOYEE_ID,ORDER_ID,WAITRESS_FNAME,WAITRESS_LNAME) VALUES('E0107','O0019','SUFI','SUHAIL');
INSERT INTO WAITRESS(EMPLOYEE_ID,ORDER_ID,WAITRESS_FNAME,WAITRESS_LNAME) VALUES('E1005','O0020','ZAHID','WILSON');
INSERT INTO WAITRESS(EMPLOYEE_ID,ORDER_ID,WAITRESS_FNAME,WAITRESS_LNAME) VALUES('E4203','O0021','FAHMI','ADRIANTO');
INSERT INTO WAITRESS(EMPLOYEE_ID,ORDER_ID,WAITRESS_FNAME,WAITRESS_LNAME) VALUES('E0104','O0022','ABDUL','SAMAD');
INSERT INTO WAITRESS(EMPLOYEE_ID,ORDER_ID,WAITRESS_FNAME,WAITRESS_LNAME) VALUES('E2090','O0023','ALEESA','ARYANNA');
INSERT INTO WAITRESS(EMPLOYEE_ID,ORDER_ID,WAITRESS_FNAME,WAITRESS_LNAME) VALUES('E4210','O0024','AIDIL','AMINUDIN');
INSERT INTO WAITRESS(EMPLOYEE_ID,ORDER_ID,WAITRESS_FNAME,WAITRESS_LNAME) VALUES('E2095','O0025','ABDUL','MUTALIB');
INSERT INTO WAITRESS(EMPLOYEE_ID,ORDER_ID,WAITRESS_FNAME,WAITRESS_LNAME) VALUES('E0105','O0026','WAN','ISYAH');
INSERT INTO WAITRESS(EMPLOYEE_ID,ORDER_ID,WAITRESS_FNAME,WAITRESS_LNAME) VALUES('E4205','O0027','EIZAT','LAZIM');
INSERT INTO WAITRESS(EMPLOYEE_ID,ORDER_ID,WAITRESS_FNAME,WAITRESS_LNAME) VALUES('E3053','O0028','SUFIAN','SUHAIMI');
INSERT INTO WAITRESS(EMPLOYEE_ID,ORDER_ID,WAITRESS_FNAME,WAITRESS_LNAME) VALUES('E1009','O0029','HELMY','HALIM');
INSERT INTO WAITRESS(EMPLOYEE_ID,ORDER_ID,WAITRESS_FNAME,WAITRESS_LNAME) VALUES('E3055','O0030','ANISS','SOFEA');
INSERT INTO WAITRESS(EMPLOYEE_ID,ORDER_ID,WAITRESS_FNAME,WAITRESS_LNAME) VALUES('E1009','O0031','HELMY','HALIM');
INSERT INTO WAITRESS(EMPLOYEE_ID,ORDER_ID,WAITRESS_FNAME,WAITRESS_LNAME) VALUES('E2090','O0032','ALEESA','ARYANNA');
INSERT INTO WAITRESS(EMPLOYEE_ID,ORDER_ID,WAITRESS_FNAME,WAITRESS_LNAME) VALUES('E4203','O0033','FAHMI','ADRIANTO');
INSERT INTO WAITRESS(EMPLOYEE_ID,ORDER_ID,WAITRESS_FNAME,WAITRESS_LNAME) VALUES('E2098','O0034','SYAMSUL','YUSOFF');
INSERT INTO WAITRESS(EMPLOYEE_ID,ORDER_ID,WAITRESS_FNAME,WAITRESS_LNAME) VALUES('E0107','O0035','SUFI','SUHAIL');
INSERT INTO WAITRESS(EMPLOYEE_ID,ORDER_ID,WAITRESS_FNAME,WAITRESS_LNAME) VALUES('E0104','O0036','ABDUL','SAMAD');
INSERT INTO WAITRESS(EMPLOYEE_ID,ORDER_ID,WAITRESS_FNAME,WAITRESS_LNAME) VALUES('E1008','O0037','AFIEQ','SHAZWAN');
INSERT INTO WAITRESS(EMPLOYEE_ID,ORDER_ID,WAITRESS_FNAME,WAITRESS_LNAME) VALUES('E0101','O0038','FARHAN','JAAFAR');
INSERT INTO WAITRESS(EMPLOYEE_ID,ORDER_ID,WAITRESS_FNAME,WAITRESS_LNAME) VALUES('E4210','O0039','AIDIL','AMINUDIN');
INSERT INTO WAITRESS(EMPLOYEE_ID,ORDER_ID,WAITRESS_FNAME,WAITRESS_LNAME) VALUES('E3058','O0040','NURUL','RAHIMAH');
INSERT INTO WAITRESS(EMPLOYEE_ID,ORDER_ID,WAITRESS_FNAME,WAITRESS_LNAME) VALUES('E1009','O0041','HELMY','HALIM');
INSERT INTO WAITRESS(EMPLOYEE_ID,ORDER_ID,WAITRESS_FNAME,WAITRESS_LNAME) VALUES('E2094','O0042','NURUL','AIN');
INSERT INTO WAITRESS(EMPLOYEE_ID,ORDER_ID,WAITRESS_FNAME,WAITRESS_LNAME) VALUES('E0104','O0043','ABDUL','SAMAD');
INSERT INTO WAITRESS(EMPLOYEE_ID,ORDER_ID,WAITRESS_FNAME,WAITRESS_LNAME) VALUES('E2095','O0044','ABDUL','MUTALIB');
INSERT INTO WAITRESS(EMPLOYEE_ID,ORDER_ID,WAITRESS_FNAME,WAITRESS_LNAME) VALUES('E4210','O0045','AIDIL','AMINUDIN');
INSERT INTO WAITRESS(EMPLOYEE_ID,ORDER_ID,WAITRESS_FNAME,WAITRESS_LNAME) VALUES('E0105','O0046','WAN','ISYAH');
INSERT INTO WAITRESS(EMPLOYEE_ID,ORDER_ID,WAITRESS_FNAME,WAITRESS_LNAME) VALUES('E1009','O0047','HELMY','HALIM');
INSERT INTO WAITRESS(EMPLOYEE_ID,ORDER_ID,WAITRESS_FNAME,WAITRESS_LNAME) VALUES('E4205','O0048','EIZAT','LAZIM');
INSERT INTO WAITRESS(EMPLOYEE_ID,ORDER_ID,WAITRESS_FNAME,WAITRESS_LNAME) VALUES('E4210','O0049','AIDIL','AMINUDIN');
INSERT INTO WAITRESS(EMPLOYEE_ID,ORDER_ID,WAITRESS_FNAME,WAITRESS_LNAME) VALUES('E0101','O0050','FARHAN','JAAFAR');
INSERT INTO WAITRESS(EMPLOYEE_ID,ORDER_ID,WAITRESS_FNAME,WAITRESS_LNAME) VALUES('E2095','O0051','ABDUL','MUTALIB');
INSERT INTO WAITRESS(EMPLOYEE_ID,ORDER_ID,WAITRESS_FNAME,WAITRESS_LNAME) VALUES('E2094','O0052','NURUL','AIN');
INSERT INTO WAITRESS(EMPLOYEE_ID,ORDER_ID,WAITRESS_FNAME,WAITRESS_LNAME) VALUES('E2090','O0053','ALEESA','ARYANNA');
INSERT INTO WAITRESS(EMPLOYEE_ID,ORDER_ID,WAITRESS_FNAME,WAITRESS_LNAME) VALUES('E0101','O0054','FARHAN','JAAFAR');
INSERT INTO WAITRESS(EMPLOYEE_ID,ORDER_ID,WAITRESS_FNAME,WAITRESS_LNAME) VALUES('E0101','O0055','FARHAN','JAAFAR');
INSERT INTO WAITRESS(EMPLOYEE_ID,ORDER_ID,WAITRESS_FNAME,WAITRESS_LNAME) VALUES('E2099','O0056','NADIA','JAMAL');
INSERT INTO WAITRESS(EMPLOYEE_ID,ORDER_ID,WAITRESS_FNAME,WAITRESS_LNAME) VALUES('E2090','O0057','ALEESA','ARYANNA');
INSERT INTO WAITRESS(EMPLOYEE_ID,ORDER_ID,WAITRESS_FNAME,WAITRESS_LNAME) VALUES('E0104','O0058','ABDUL','SAMAD');
INSERT INTO WAITRESS(EMPLOYEE_ID,ORDER_ID,WAITRESS_FNAME,WAITRESS_LNAME) VALUES('E2094','O0059','NURUL','AIN');
INSERT INTO WAITRESS(EMPLOYEE_ID,ORDER_ID,WAITRESS_FNAME,WAITRESS_LNAME) VALUES('E2099','O0060','NADIA','JAMAL');
INSERT INTO WAITRESS(EMPLOYEE_ID,ORDER_ID,WAITRESS_FNAME,WAITRESS_LNAME) VALUES('E2094','O0061','NURUL','AIN');
INSERT INTO WAITRESS(EMPLOYEE_ID,ORDER_ID,WAITRESS_FNAME,WAITRESS_LNAME) VALUES('E4205','O0062','EIZAT','LAZIM');
INSERT INTO WAITRESS(EMPLOYEE_ID,ORDER_ID,WAITRESS_FNAME,WAITRESS_LNAME) VALUES('E3056','O0063','MAHDI','MAHMUD');
INSERT INTO WAITRESS(EMPLOYEE_ID,ORDER_ID,WAITRESS_FNAME,WAITRESS_LNAME) VALUES('E0104','O0064','ABDUL','SAMAD');
INSERT INTO WAITRESS(EMPLOYEE_ID,ORDER_ID,WAITRESS_FNAME,WAITRESS_LNAME) VALUES('E2099','O0065','NADIA','JAMAL');
INSERT INTO WAITRESS(EMPLOYEE_ID,ORDER_ID,WAITRESS_FNAME,WAITRESS_LNAME) VALUES('E0101','O0066','FARHAN','JAAFAR');

/*CASHPAYMENT*/
INSERT INTO CASHPAYMENT(C_PAYMENT_ID,ORDER_PAYMENT_TYPE,ORDER_ID) VALUES('CP97010215','CASH','O0001');
INSERT INTO CASHPAYMENT(C_PAYMENT_ID,ORDER_PAYMENT_TYPE,ORDER_ID) VALUES('CP63772336','CASH','O0004');
INSERT INTO CASHPAYMENT(C_PAYMENT_ID,ORDER_PAYMENT_TYPE,ORDER_ID) VALUES('CP41018670','CASH','O0006');
INSERT INTO CASHPAYMENT(C_PAYMENT_ID,ORDER_PAYMENT_TYPE,ORDER_ID) VALUES('CP65633994','CASH','O0008');
INSERT INTO CASHPAYMENT(C_PAYMENT_ID,ORDER_PAYMENT_TYPE,ORDER_ID) VALUES('CP54492696','CASH','O0009');
INSERT INTO CASHPAYMENT(C_PAYMENT_ID,ORDER_PAYMENT_TYPE,ORDER_ID) VALUES('CP58451702','CASH','O0011');
INSERT INTO CASHPAYMENT(C_PAYMENT_ID,ORDER_PAYMENT_TYPE,ORDER_ID) VALUES('CP70662579','CASH','O0013');
INSERT INTO CASHPAYMENT(C_PAYMENT_ID,ORDER_PAYMENT_TYPE,ORDER_ID) VALUES('CP25088591','CASH','O0014');
INSERT INTO CASHPAYMENT(C_PAYMENT_ID,ORDER_PAYMENT_TYPE,ORDER_ID) VALUES('CP43999702','CASH','O0024');
INSERT INTO CASHPAYMENT(C_PAYMENT_ID,ORDER_PAYMENT_TYPE,ORDER_ID) VALUES('CP33110763','CASH','O0028');
INSERT INTO CASHPAYMENT(C_PAYMENT_ID,ORDER_PAYMENT_TYPE,ORDER_ID) VALUES('CP36480587','CASH','O0029');
INSERT INTO CASHPAYMENT(C_PAYMENT_ID,ORDER_PAYMENT_TYPE,ORDER_ID) VALUES('CP94390052','CASH','O0032');
INSERT INTO CASHPAYMENT(C_PAYMENT_ID,ORDER_PAYMENT_TYPE,ORDER_ID) VALUES('CP19093193','CASH','O0033');
INSERT INTO CASHPAYMENT(C_PAYMENT_ID,ORDER_PAYMENT_TYPE,ORDER_ID) VALUES('CP13401309','CASH','O0034');
INSERT INTO CASHPAYMENT(C_PAYMENT_ID,ORDER_PAYMENT_TYPE,ORDER_ID) VALUES('CP85857370','CASH','O0035');
INSERT INTO CASHPAYMENT(C_PAYMENT_ID,ORDER_PAYMENT_TYPE,ORDER_ID) VALUES('CP74266292','CASH','O0036');
INSERT INTO CASHPAYMENT(C_PAYMENT_ID,ORDER_PAYMENT_TYPE,ORDER_ID) VALUES('CP51155964','CASH','O0037');
INSERT INTO CASHPAYMENT(C_PAYMENT_ID,ORDER_PAYMENT_TYPE,ORDER_ID) VALUES('CP97106803','CASH','O0039');
INSERT INTO CASHPAYMENT(C_PAYMENT_ID,ORDER_PAYMENT_TYPE,ORDER_ID) VALUES('CP78728011','CASH','O0040');
INSERT INTO CASHPAYMENT(C_PAYMENT_ID,ORDER_PAYMENT_TYPE,ORDER_ID) VALUES('CP93845980','CASH','O0042');
INSERT INTO CASHPAYMENT(C_PAYMENT_ID,ORDER_PAYMENT_TYPE,ORDER_ID) VALUES('CP34193356','CASH','O0043');
INSERT INTO CASHPAYMENT(C_PAYMENT_ID,ORDER_PAYMENT_TYPE,ORDER_ID) VALUES('CP73095162','CASH','O0044');
INSERT INTO CASHPAYMENT(C_PAYMENT_ID,ORDER_PAYMENT_TYPE,ORDER_ID) VALUES('CP85358156','CASH','O0047');
INSERT INTO CASHPAYMENT(C_PAYMENT_ID,ORDER_PAYMENT_TYPE,ORDER_ID) VALUES('CP23934881','CASH','O0048');
INSERT INTO CASHPAYMENT(C_PAYMENT_ID,ORDER_PAYMENT_TYPE,ORDER_ID) VALUES('CP17029941','CASH','O0049');
INSERT INTO CASHPAYMENT(C_PAYMENT_ID,ORDER_PAYMENT_TYPE,ORDER_ID) VALUES('CP45462117','CASH','O0051');
INSERT INTO CASHPAYMENT(C_PAYMENT_ID,ORDER_PAYMENT_TYPE,ORDER_ID) VALUES('CP28332330','CASH','O0052');
INSERT INTO CASHPAYMENT(C_PAYMENT_ID,ORDER_PAYMENT_TYPE,ORDER_ID) VALUES('CP49391218','CASH','O0053');
INSERT INTO CASHPAYMENT(C_PAYMENT_ID,ORDER_PAYMENT_TYPE,ORDER_ID) VALUES('CP59861481','CASH','O0055');
INSERT INTO CASHPAYMENT(C_PAYMENT_ID,ORDER_PAYMENT_TYPE,ORDER_ID) VALUES('CP82580312','CASH','O0057');
INSERT INTO CASHPAYMENT(C_PAYMENT_ID,ORDER_PAYMENT_TYPE,ORDER_ID) VALUES('CP12530664','CASH','O0058');
INSERT INTO CASHPAYMENT(C_PAYMENT_ID,ORDER_PAYMENT_TYPE,ORDER_ID) VALUES('CP88571198','CASH','O0059');
INSERT INTO CASHPAYMENT(C_PAYMENT_ID,ORDER_PAYMENT_TYPE,ORDER_ID) VALUES('CP88571199','CASH','O0062');
INSERT INTO CASHPAYMENT(C_PAYMENT_ID,ORDER_PAYMENT_TYPE,ORDER_ID) VALUES('CP88571200','CASH','O0065');
INSERT INTO CASHPAYMENT(C_PAYMENT_ID,ORDER_PAYMENT_TYPE,ORDER_ID) VALUES('CP88571201','CASH','O0066');

/*ONLINE PAYMENT*/
INSERT INTO ONLINEPAYMENT(O_PAYMENT_ID,OP_GATEWAY,ORDER_PAYMENT_TYPE,ORDER_ID) VALUES('OP0201011504','CIMB','ONLINE','O0002');
INSERT INTO ONLINEPAYMENT(O_PAYMENT_ID,OP_GATEWAY,ORDER_PAYMENT_TYPE,ORDER_ID) VALUES('OP8471532782','MAYBANK','ONLINE','O0003');
INSERT INTO ONLINEPAYMENT(O_PAYMENT_ID,OP_GATEWAY,ORDER_PAYMENT_TYPE,ORDER_ID) VALUES('OP5410084665','BANK ISLAM','ONLINE','O0005');
INSERT INTO ONLINEPAYMENT(O_PAYMENT_ID,OP_GATEWAY,ORDER_PAYMENT_TYPE,ORDER_ID) VALUES('OP8949070245','AFFIN BANK','ONLINE','O0007');
INSERT INTO ONLINEPAYMENT(O_PAYMENT_ID,OP_GATEWAY,ORDER_PAYMENT_TYPE,ORDER_ID) VALUES('OP1684490773','RHB BANK','ONLINE','O0010');
INSERT INTO ONLINEPAYMENT(O_PAYMENT_ID,OP_GATEWAY,ORDER_PAYMENT_TYPE,ORDER_ID) VALUES('OP9320849908','CITI BANK','ONLINE','O0012');
INSERT INTO ONLINEPAYMENT(O_PAYMENT_ID,OP_GATEWAY,ORDER_PAYMENT_TYPE,ORDER_ID) VALUES('OP2177899379','HONG LEONG BANK','ONLINE','O0015');
INSERT INTO ONLINEPAYMENT(O_PAYMENT_ID,OP_GATEWAY,ORDER_PAYMENT_TYPE,ORDER_ID) VALUES('OP3342140370','MAYBANK','ONLINE','O0016');
INSERT INTO ONLINEPAYMENT(O_PAYMENT_ID,OP_GATEWAY,ORDER_PAYMENT_TYPE,ORDER_ID) VALUES('OP8144815166','HONG LEONG BANK','ONLINE','O0017');
INSERT INTO ONLINEPAYMENT(O_PAYMENT_ID,OP_GATEWAY,ORDER_PAYMENT_TYPE,ORDER_ID) VALUES('OP1091989632','BANK ISLAM','ONLINE','O0018');
INSERT INTO ONLINEPAYMENT(O_PAYMENT_ID,OP_GATEWAY,ORDER_PAYMENT_TYPE,ORDER_ID) VALUES('OP6342688784','CIMB','ONLINE','O0019');
INSERT INTO ONLINEPAYMENT(O_PAYMENT_ID,OP_GATEWAY,ORDER_PAYMENT_TYPE,ORDER_ID) VALUES('OP2311225975','AFFIN BANK','ONLINE','O0020');
INSERT INTO ONLINEPAYMENT(O_PAYMENT_ID,OP_GATEWAY,ORDER_PAYMENT_TYPE,ORDER_ID) VALUES('OP6127168195','CITI BANK','ONLINE','O0021');
INSERT INTO ONLINEPAYMENT(O_PAYMENT_ID,OP_GATEWAY,ORDER_PAYMENT_TYPE,ORDER_ID) VALUES('OP2558805636','RHB BANK','ONLINE','O0022');
INSERT INTO ONLINEPAYMENT(O_PAYMENT_ID,OP_GATEWAY,ORDER_PAYMENT_TYPE,ORDER_ID) VALUES('OP4467454083','AFFIN BANK','ONLINE','O0023');
INSERT INTO ONLINEPAYMENT(O_PAYMENT_ID,OP_GATEWAY,ORDER_PAYMENT_TYPE,ORDER_ID) VALUES('OP3951557112','CIMB','ONLINE','O0025');
INSERT INTO ONLINEPAYMENT(O_PAYMENT_ID,OP_GATEWAY,ORDER_PAYMENT_TYPE,ORDER_ID) VALUES('OP9593976319','HONG LEONG BANK','ONLINE','O0026');
INSERT INTO ONLINEPAYMENT(O_PAYMENT_ID,OP_GATEWAY,ORDER_PAYMENT_TYPE,ORDER_ID) VALUES('OP4890166355','MAYBANK','ONLINE','O0027');
INSERT INTO ONLINEPAYMENT(O_PAYMENT_ID,OP_GATEWAY,ORDER_PAYMENT_TYPE,ORDER_ID) VALUES('OP4190532547','BANK ISLAM','ONLINE','O0030');
INSERT INTO ONLINEPAYMENT(O_PAYMENT_ID,OP_GATEWAY,ORDER_PAYMENT_TYPE,ORDER_ID) VALUES('OP1358293721','CITI BANK','ONLINE','O0031');
INSERT INTO ONLINEPAYMENT(O_PAYMENT_ID,OP_GATEWAY,ORDER_PAYMENT_TYPE,ORDER_ID) VALUES('OP7931169988','BANK ISLAM','ONLINE','O0038');
INSERT INTO ONLINEPAYMENT(O_PAYMENT_ID,OP_GATEWAY,ORDER_PAYMENT_TYPE,ORDER_ID) VALUES('OP3684024972','AFFIN BANK','ONLINE','O0041');
INSERT INTO ONLINEPAYMENT(O_PAYMENT_ID,OP_GATEWAY,ORDER_PAYMENT_TYPE,ORDER_ID) VALUES('OP9732127279','MAYBANK','ONLINE','O0045');
INSERT INTO ONLINEPAYMENT(O_PAYMENT_ID,OP_GATEWAY,ORDER_PAYMENT_TYPE,ORDER_ID) VALUES('OP5224477668','HONG LEONG BANK','ONLINE','O0046');
INSERT INTO ONLINEPAYMENT(O_PAYMENT_ID,OP_GATEWAY,ORDER_PAYMENT_TYPE,ORDER_ID) VALUES('OP5846174953','CITI BANK','ONLINE','O0050');
INSERT INTO ONLINEPAYMENT(O_PAYMENT_ID,OP_GATEWAY,ORDER_PAYMENT_TYPE,ORDER_ID) VALUES('OP6645798610','CIMB','ONLINE','O0054');
INSERT INTO ONLINEPAYMENT(O_PAYMENT_ID,OP_GATEWAY,ORDER_PAYMENT_TYPE,ORDER_ID) VALUES('OP6923990960','CITI BANK','ONLINE','O0056');
INSERT INTO ONLINEPAYMENT(O_PAYMENT_ID,OP_GATEWAY,ORDER_PAYMENT_TYPE,ORDER_ID) VALUES('OP7766161533','BANK ISLAM','ONLINE','O0060');
INSERT INTO ONLINEPAYMENT(O_PAYMENT_ID,OP_GATEWAY,ORDER_PAYMENT_TYPE,ORDER_ID) VALUES('OP7265370354','RHB BANK','ONLINE','O0061');
INSERT INTO ONLINEPAYMENT(O_PAYMENT_ID,OP_GATEWAY,ORDER_PAYMENT_TYPE,ORDER_ID) VALUES('OP2880541069','MAYBANK','ONLINE','O0063');
INSERT INTO ONLINEPAYMENT(O_PAYMENT_ID,OP_GATEWAY,ORDER_PAYMENT_TYPE,ORDER_ID) VALUES('OP2880541070','HONG LEONG BANK','ONLINE','O0064');
